file_id	file_name	md5sum	file_size	data_format	workflow_type	case_submitter_id	case_id	sample_submitter_id	sample_type	sample_type_id	aliquot_submitter_id
ada4ae4b-1959-49a1-b3db-59675ba2ade0	1579c2d5-2873-473b-b299-19100bac3e9f.rna_seq.augmented_star_gene_counts.tsv	5c7e4f20bdb2ef6e59eb074d9f1feafc	4243504	TSV	STAR - Counts	TCGA-96-A4JK	613adbb3-c2d1-4992-9953-c4fadd249001	TCGA-96-A4JK-01A	Primary Tumor		TCGA-96-A4JK-01A-11R-A24Z-07
4c994cf9-52d0-4c05-97c0-fd2d3ffb9100	2ca30f8b-ed4e-478d-87cc-59a4e8249d94.rna_seq.augmented_star_gene_counts.tsv	85d2fd84861077a13f20ddd830eccc6f	4274610	TSV	STAR - Counts	TCGA-43-3394	ce8612ab-3149-4a6a-b424-29c0c21c9b8b	TCGA-43-3394-11A	Solid Tissue Normal		TCGA-43-3394-11A-01R-1758-07
a2541c72-d02f-4acb-8d35-537080c94ea8	61192f9b-94eb-49f4-b2b5-eafe75092930.rna_seq.augmented_star_gene_counts.tsv	20c1f863ded5948cc8391e3afa42c932	4253896	TSV	STAR - Counts	TCGA-43-3394	ce8612ab-3149-4a6a-b424-29c0c21c9b8b	TCGA-43-3394-01A	Primary Tumor		TCGA-43-3394-01A-01R-0980-07
343f1771-4a3d-4a03-9eb0-319dada0b373	042d1918-78a0-4655-a421-0c8b38538170.rna_seq.augmented_star_gene_counts.tsv	a71b0f841ae4995edcb5631aa509de4c	4234922	TSV	STAR - Counts	TCGA-85-A4QQ	e5987342-bf04-457c-9785-74532ce26834	TCGA-85-A4QQ-01A	Primary Tumor		TCGA-85-A4QQ-01A-41R-A262-07
aa3501a9-217b-4d3a-8dab-0fb359728726	b039b20f-5532-41b4-a92e-b48bc87f89c1.rna_seq.augmented_star_gene_counts.tsv	25711cea52eaa6f7dd3a782946f602b8	4232869	TSV	STAR - Counts	TCGA-18-3419	03fa3310-406d-4c12-a409-136fc47d996d	TCGA-18-3419-01A	Primary Tumor		TCGA-18-3419-01A-01R-0980-07
17ddff0c-a5c2-4f82-b638-fe13c20de1d3	385d5ffe-02ae-4fed-8590-b332d08597bb.rna_seq.augmented_star_gene_counts.tsv	fc52dfbe830547c094116162ef92f7b1	4258388	TSV	STAR - Counts	TCGA-O2-A5IB	8be10ce9-220d-4816-a575-8e8e7f041114	TCGA-O2-A5IB-01A	Primary Tumor		TCGA-O2-A5IB-01A-11R-A27Q-07
303615a1-9807-4992-866e-ec93e2ea8ce6	9dfda51c-2256-4c04-a47c-62a04c670a7f.rna_seq.augmented_star_gene_counts.tsv	66a43c4090bbcb5fbb53d67636a9c294	4237621	TSV	STAR - Counts	TCGA-51-4079	2f586b38-5be6-4ffa-8a0f-c870fdf3dad3	TCGA-51-4079-01A	Primary Tumor		TCGA-51-4079-01A-01R-1100-07
44959554-954a-43aa-aa22-1b2db64a790f	fd05ecb5-b9c5-4396-b0f3-82c67b2d70e3.rna_seq.augmented_star_gene_counts.tsv	4f0a452de0e2ab38e94159abb07a8a84	4263770	TSV	STAR - Counts	TCGA-52-7809	72c49014-f949-4d02-ae71-26a243e0b102	TCGA-52-7809-01A	Primary Tumor		TCGA-52-7809-01A-21R-2125-07
93288581-37b8-4e24-83ce-d1668ffe7a5f	5e3a14b3-b976-4d61-aef7-3f9ed88d11b2.rna_seq.augmented_star_gene_counts.tsv	ff89bf2ac7b02b99a376ae17d506a5ef	4245666	TSV	STAR - Counts	TCGA-22-4596	d4608593-20cb-4b53-b037-39aa8ddd05b7	TCGA-22-4596-01A	Primary Tumor		TCGA-22-4596-01A-01R-1201-07
8b127afe-679e-4ec3-9146-daa98d3ce047	1a4919a4-a2d3-4755-b681-c00ff22b2cfb.rna_seq.augmented_star_gene_counts.tsv	2e075b389f0d280d1af50b633f54740e	4261845	TSV	STAR - Counts	TCGA-66-2790	ede3e359-bc49-4899-abe5-92dc65588286	TCGA-66-2790-01A	Primary Tumor		TCGA-66-2790-01A-01R-0980-07
4473e5ec-dee9-462c-8433-c51b29c4626e	0e47b8bb-679b-4942-8759-7388abe9aacb.rna_seq.augmented_star_gene_counts.tsv	f4bf09480d191ae8f778d75384d2d7ad	4232792	TSV	STAR - Counts	TCGA-37-A5EN	d00d93d5-8d6b-4e5b-816c-f3d726d65d3d	TCGA-37-A5EN-01A	Primary Tumor		TCGA-37-A5EN-01A-21R-A26W-07
06ca30ec-156b-4f5e-9466-4563296a589d	e8fbb9e4-a42d-4bfe-8001-31505fc33a4e.rna_seq.augmented_star_gene_counts.tsv	9254d03be3f3d8fab02a17a0f82245ad	4245616	TSV	STAR - Counts	TCGA-58-8388	5489b76d-68d9-48c3-8961-4a147bb23216	TCGA-58-8388-01A	Primary Tumor		TCGA-58-8388-01A-11R-2326-07
741148a5-d9b6-412d-9dfe-a5ccd9717de5	0579a43e-3d6a-4b55-b7b6-e46f2f826a63.rna_seq.augmented_star_gene_counts.tsv	693b69a3107ffe464938f0714c394918	4243070	TSV	STAR - Counts	TCGA-85-A4CL	86958f1d-f10b-403e-b204-061e1932a793	TCGA-85-A4CL-01A	Primary Tumor		TCGA-85-A4CL-01A-41R-A26W-07
de7f2bf9-7cf5-4e97-8c51-df5afd1b0246	aa1a59f9-7d12-4e76-a1ad-a6b2de62c4b0.rna_seq.augmented_star_gene_counts.tsv	8d1063ab79ea1d2dbaf7a43a7e8d1090	4238548	TSV	STAR - Counts	TCGA-63-A5MM	abc753f0-5ae2-4bec-96b8-6a05d84bf1c1	TCGA-63-A5MM-01A	Primary Tumor		TCGA-63-A5MM-01A-11R-A26W-07
4394ba2a-2229-4960-b346-cc654623650a	a462c0f9-23d3-428b-9b61-e42cb6a68af1.rna_seq.augmented_star_gene_counts.tsv	346ffe339f5e7b71edc50f763e9913b4	4235646	TSV	STAR - Counts	TCGA-85-A4QR	06b70dee-14d2-45c7-b6f0-4d1d29c575ea	TCGA-85-A4QR-01A	Primary Tumor		TCGA-85-A4QR-01A-11R-A24Z-07
4b167e70-e4e6-47f7-9fe9-11cf20f0d442	38ed7a69-e4a7-4990-aa36-d3537d451e3b.rna_seq.augmented_star_gene_counts.tsv	fb9592b73fff936831f4619fd4c2b7ed	4231876	TSV	STAR - Counts	TCGA-39-5035	ba10f90b-66e1-44cd-b6c0-08c448a9d688	TCGA-39-5035-01A	Primary Tumor		TCGA-39-5035-01A-01R-1443-07
b6c1dec1-e51f-48e9-90b3-3b47ae8de832	c15bee9b-18e0-433d-8216-32193639733c.rna_seq.augmented_star_gene_counts.tsv	3394be7181a07e159e0d4cb270d85aa6	4239736	TSV	STAR - Counts	TCGA-98-A539	bf2f1b1b-9de9-41ba-8e0d-00e00e39e51d	TCGA-98-A539-01A	Primary Tumor		TCGA-98-A539-01A-31R-A262-07
0614c3dd-673e-4dd4-9c5b-4311176b34d1	26e083d8-9d89-440c-a98e-22ce75265eff.rna_seq.augmented_star_gene_counts.tsv	89864aeb6cdd077016a403b1dcaa5b80	4231367	TSV	STAR - Counts	TCGA-56-7582	b5e2cbda-bbfa-4ef8-a9c4-cb978bef9b23	TCGA-56-7582-01A	Primary Tumor		TCGA-56-7582-01A-11R-2045-07
db0b0468-4b6d-4d6c-a16e-0a28b5798ea9	6b267f00-73c0-4657-a61e-e552eef5b432.rna_seq.augmented_star_gene_counts.tsv	04cc91a25809f51f96c19936411c7a9b	4254741	TSV	STAR - Counts	TCGA-85-6561	46f35964-bd43-47e6-83fe-40da33828c94	TCGA-85-6561-01A	Primary Tumor		TCGA-85-6561-01A-11R-1820-07
13a1c368-a939-4c81-bb51-8ae31da5ba14	297c207e-88aa-4c14-a513-b7b3f36a9776.rna_seq.augmented_star_gene_counts.tsv	077cb935ce4515814984458679d5dc25	4244783	TSV	STAR - Counts	TCGA-51-4080	8479ec58-f5e7-4d9d-a382-2688ed93ca8e	TCGA-51-4080-01A	Primary Tumor		TCGA-51-4080-01A-01R-1100-07
5612d369-8009-4b81-89da-b2d396445e35	51e40bd0-3142-4f17-969c-840c76f9838f.rna_seq.augmented_star_gene_counts.tsv	489f0c3a2fbc07cfb9125dfc8f87d150	4233129	TSV	STAR - Counts	TCGA-NC-A5HM	d76c589c-6fab-493e-9cb0-0d6d06a1047e	TCGA-NC-A5HM-01A	Primary Tumor		TCGA-NC-A5HM-01A-12R-A26W-07
3b556c43-5216-41d8-93c3-bb4877918a6f	b41b255d-ae3f-46c5-9246-0a35559e90cc.rna_seq.augmented_star_gene_counts.tsv	b33f5d452fef5008c711969a8f410ff7	4243112	TSV	STAR - Counts	TCGA-46-3769	d38dbe20-bd5a-45d5-8db3-d5f777b454b6	TCGA-46-3769-01A	Primary Tumor		TCGA-46-3769-01A-01R-0980-07
d849e09d-3614-435d-b257-8a895c0249ba	0416296d-5a48-4405-b93b-32190182f308.rna_seq.augmented_star_gene_counts.tsv	5fe0a1e92294a85e59d4e4b3195a1c0f	4250930	TSV	STAR - Counts	TCGA-56-8083	3d5a904a-3834-45bf-9212-c06d46d917f9	TCGA-56-8083-01A	Primary Tumor		TCGA-56-8083-01A-11R-2247-07
736d8419-1f66-49d6-83c7-e37b2fbff267	a340cd03-5ca1-4f17-9e51-171a7b12709c.rna_seq.augmented_star_gene_counts.tsv	a3acbb1332eaa97f5865ef399d940461	4237718	TSV	STAR - Counts	TCGA-56-8083	3d5a904a-3834-45bf-9212-c06d46d917f9	TCGA-56-8083-11A	Solid Tissue Normal		TCGA-56-8083-11A-01R-2247-07
88dabd87-62d9-443a-abfb-87aac7913130	fb9197ac-e658-4294-bf02-6dd0bc7a277b.rna_seq.augmented_star_gene_counts.tsv	6a10534fc8a8e450b05887d5b3d52864	4237597	TSV	STAR - Counts	TCGA-85-8277	8e6020a1-68df-4d57-ad4e-33acc0861fb3	TCGA-85-8277-01A	Primary Tumor		TCGA-85-8277-01A-11R-2296-07
9d9a39a4-0e09-4c4f-b82b-ae5a49a5b90d	dd0bea70-c22d-4437-955c-0087fbc5abb4.rna_seq.augmented_star_gene_counts.tsv	8a3513bbb9acb3b6adfc3311dc1d5d45	4241236	TSV	STAR - Counts	TCGA-56-5898	6467bc69-4e89-49f6-8912-fa86d513cf51	TCGA-56-5898-01A	Primary Tumor		TCGA-56-5898-01A-11R-1635-07
fb399a7d-2be6-4f54-88de-9b0b4165a8d3	2074d1ae-266e-4fc3-af06-dd3272fc4dee.rna_seq.augmented_star_gene_counts.tsv	21aec4e7fbd389e0206be5c72ceed272	4260979	TSV	STAR - Counts	TCGA-34-5232	d04bf59d-3429-4641-9f9e-81d8cde15295	TCGA-34-5232-01A	Primary Tumor		TCGA-34-5232-01A-21R-1820-07
96c4cf1d-ca50-4abb-81fd-4eb090111a4c	5b2ab630-763b-4efa-9681-fc3c8f65aa2f.rna_seq.augmented_star_gene_counts.tsv	916b5fe5fc6626145501eb41731de8ff	4245793	TSV	STAR - Counts	TCGA-34-5241	6013a4fd-89cf-48a7-a465-c7b644afb4a5	TCGA-34-5241-01A	Primary Tumor		TCGA-34-5241-01A-01R-1443-07
7b6781c7-4afb-4e53-a18d-c5ec1ca474bb	6ca7ab2a-bb36-4447-b749-ea050f6aacb2.rna_seq.augmented_star_gene_counts.tsv	d03abd33d24634a773458dd6e5b86c92	4208824	TSV	STAR - Counts	TCGA-63-A5MS	5f29578a-7606-4625-bd24-a194b3287024	TCGA-63-A5MS-01A	Primary Tumor		TCGA-63-A5MS-01A-11R-A26W-07
c7574a06-b8b5-4f6b-a207-c8070d3e442e	8d94fc29-4c7f-4c6c-b28c-916893567907.rna_seq.augmented_star_gene_counts.tsv	56a87007c0c3da99c1758ff53587e857	4243977	TSV	STAR - Counts	TCGA-60-2725	f03aacb8-5565-425f-a8d5-be1056f882e0	TCGA-60-2725-01A	Primary Tumor		TCGA-60-2725-01A-01R-1201-07
5faf8a12-a2aa-44f1-b099-02106766ec94	e653f78b-82dc-4068-938e-c59cfae00c68.rna_seq.augmented_star_gene_counts.tsv	1e252fc2c0e92ef09a0f4f94d23c1c7c	4243653	TSV	STAR - Counts	TCGA-NC-A5HJ	00fd9306-4a68-49ab-a768-e5fed126a765	TCGA-NC-A5HJ-01A	Primary Tumor		TCGA-NC-A5HJ-01A-11R-A26W-07
9f5a8a33-5ac2-4b29-b33b-8ed0c2750d24	d5fc4ed3-40f0-4a31-bfe6-aac89545b4e5.rna_seq.augmented_star_gene_counts.tsv	0ea111919c6e302de62f9a40b0ce0f63	4246430	TSV	STAR - Counts	TCGA-56-A4ZK	a77675bd-ed25-45f4-b418-cb8fc979c780	TCGA-56-A4ZK-01A	Primary Tumor		TCGA-56-A4ZK-01A-11R-A262-07
d9865860-a4e5-481f-95e4-3592caf8e33e	12b4c027-7a90-4b09-90b4-b851ba8d667c.rna_seq.augmented_star_gene_counts.tsv	109ff81b7c20db7d0d0fb96b4e3c9b91	4234182	TSV	STAR - Counts	TCGA-63-A5MG	05d4d9c7-fb6f-439a-bb97-f0e2737a7773	TCGA-63-A5MG-01A	Primary Tumor		TCGA-63-A5MG-01A-12R-A27Q-07
fe79c09e-f0ac-4166-b789-33fa1d2fb9d0	915f6c40-fe7f-42ee-ac0d-a82a87c1d9cd.rna_seq.augmented_star_gene_counts.tsv	b6a2748eddda493afef6ac29d1a6dfae	4254485	TSV	STAR - Counts	TCGA-21-1082	0e2ee54a-51c9-4868-842d-a2a1c1cfb016	TCGA-21-1082-01A	Primary Tumor		TCGA-21-1082-01A-01R-0692-07
14350006-3c6f-4079-8a35-afd1e5f8a29a	201a8762-54e6-49a1-a9c8-a6c442dcaf0a.rna_seq.augmented_star_gene_counts.tsv	9f980154339d7e94c5e5eb642ff12593	4247090	TSV	STAR - Counts	TCGA-68-A59I	0f8a76a1-4c3e-42e1-9df3-95aa3ae8e676	TCGA-68-A59I-01A	Primary Tumor		TCGA-68-A59I-01A-11R-A262-07
2b600b63-198b-43af-844d-ca9629b8e508	7999ce36-cdcf-41a8-bde7-6f519e619857.rna_seq.augmented_star_gene_counts.tsv	a0c8adc8dbdc443f49afe88af419199b	4257469	TSV	STAR - Counts	TCGA-70-6723	15b0bfd4-2068-4ac8-aaa8-a2a6797253d8	TCGA-70-6723-01A	Primary Tumor		TCGA-70-6723-01A-11R-1820-07
db3b76cb-5f0d-4df2-b42b-3e66e102b286	498a2b3c-8330-4e83-9002-80e8faacd1d3.rna_seq.augmented_star_gene_counts.tsv	cc917d6bbbec1f1cf31234364ac62e11	4243311	TSV	STAR - Counts	TCGA-98-8021	10c3acc1-5c0b-4312-9521-2e4104396c24	TCGA-98-8021-01A	Primary Tumor		TCGA-98-8021-01A-11R-2247-07
4833219b-b619-423e-b3f3-d6f2c6cbbf39	5f4e0d83-7aca-4096-a7a6-a2a2d58feaae.rna_seq.augmented_star_gene_counts.tsv	f17a77d3f099ec3099f8bb85c20c4d6d	4240162	TSV	STAR - Counts	TCGA-22-1011	18058bfb-a008-410f-8e04-7c2b45a856b7	TCGA-22-1011-01A	Primary Tumor		TCGA-22-1011-01A-01R-0692-07
c2cdff0a-7852-47e3-b222-c51289e9d305	c16c7ee3-9527-485c-83da-91d4a773ccaf.rna_seq.augmented_star_gene_counts.tsv	a56b09d1203675759a7dc65eb121a759	4245594	TSV	STAR - Counts	TCGA-58-8386	14313474-376f-4606-9ed9-25ed2acff411	TCGA-58-8386-01A	Primary Tumor		TCGA-58-8386-01A-11R-2296-07
9aa3bf8f-8422-4c86-8809-b82d7117c3a2	cf847ade-6000-4bc2-9f94-446e6b4da0b4.rna_seq.augmented_star_gene_counts.tsv	42b53c018ec006696e8a6d2b96e85ee4	4255230	TSV	STAR - Counts	TCGA-21-1076	220be009-8f1e-4a77-ab04-3220b5f87ea6	TCGA-21-1076-01A	Primary Tumor		TCGA-21-1076-01A-01R-0692-07
55a9ef90-80c4-45af-b65f-8c3766ad93a6	93f8d34b-ef94-4875-9cfb-7f2e5124c972.rna_seq.augmented_star_gene_counts.tsv	65580d30f3728618378e5f79089a9c6b	4220907	TSV	STAR - Counts	TCGA-NK-A5CR	26b3a62a-132e-401f-bb7f-e9cb9eff71c4	TCGA-NK-A5CR-01A	Primary Tumor		TCGA-NK-A5CR-01A-11R-A26W-07
77639238-e075-4b01-aa44-c248ad2b05e7	5acfee78-ced1-4fd5-955c-fe335d455294.rna_seq.augmented_star_gene_counts.tsv	89435477613f8084af28a2c8955e9615	4237708	TSV	STAR - Counts	TCGA-60-2708	2ca47049-bc12-4992-b9cf-1c01dda639be	TCGA-60-2708-01A	Primary Tumor		TCGA-60-2708-01A-01R-0851-07
bc21ab3f-b9bb-4455-ba3b-24cb753672d6	509f3538-737d-473e-bbd7-bce8b06e3528.rna_seq.augmented_star_gene_counts.tsv	c4a0ddb3d78414612c7ed5eb8a8dfa10	4233054	TSV	STAR - Counts	TCGA-77-8153	3336ee77-a6f6-4d3a-93f9-585ebc48ffba	TCGA-77-8153-01A	Primary Tumor		TCGA-77-8153-01A-11R-2403-07
89d32b82-e00c-41f6-a8d3-3b9565be312c	87f4b300-f0c7-417d-b650-e3e1a565e3f1.rna_seq.augmented_star_gene_counts.tsv	bfc3f9fda02ed17d1c288c6a6640134e	4245022	TSV	STAR - Counts	TCGA-33-4547	44b1d457-3a50-404e-b54c-ca619262bc2f	TCGA-33-4547-01A	Primary Tumor		TCGA-33-4547-01A-01R-1201-07
bbd90b7b-3f75-463a-8ae6-1896cfa6e7d7	c0859fd9-6d8e-4037-86d6-3f2703e480e9.rna_seq.augmented_star_gene_counts.tsv	4e8555f99e094cd45090a53dccc8c5ac	4258297	TSV	STAR - Counts	TCGA-43-6647	40e928e8-bedd-4b86-81bc-b581bfc897d4	TCGA-43-6647-11A	Solid Tissue Normal		TCGA-43-6647-11A-01R-1820-07
7049a382-73c5-4bc1-8fdb-99f75b45cb17	27c510ca-d89f-48d7-be00-22edabef8bda.rna_seq.augmented_star_gene_counts.tsv	f9ff0e81d14620bb33dad886ebfc72c1	4228243	TSV	STAR - Counts	TCGA-85-8052	395babb3-3f5d-4e71-a675-af4443f23028	TCGA-85-8052-01A	Primary Tumor		TCGA-85-8052-01A-11R-2247-07
8263ab47-6cd7-4460-a692-982a88a12ada	3ba0ce62-8e26-4a76-b1b2-117e9004662f.rna_seq.augmented_star_gene_counts.tsv	697ab2a7ea8cc987183cc9d7bc6aa5de	4239801	TSV	STAR - Counts	TCGA-21-5784	4add88b7-169a-448f-b063-c7e6402628f1	TCGA-21-5784-01A	Primary Tumor		TCGA-21-5784-01A-01R-1635-07
cc13dbbd-b93d-4350-9bfe-b22bbce316fe	01fedc3d-9c6f-45c5-be81-c098299f6f9f.rna_seq.augmented_star_gene_counts.tsv	4448c074d3ecdbbcc2a40f4f718fd5b5	4250444	TSV	STAR - Counts	TCGA-NC-A5HQ	4b185183-7e94-4aab-b19d-6a2e48b85a5d	TCGA-NC-A5HQ-01A	Primary Tumor		TCGA-NC-A5HQ-01A-11R-A26W-07
7d1231c0-6ff0-4ef0-98a3-3b77ed9298bc	eb23a0d5-3a04-4cc8-aca2-448e72a8360a.rna_seq.augmented_star_gene_counts.tsv	293e192c14df557abc3fb10b2ed7dcf4	4251321	TSV	STAR - Counts	TCGA-22-4609	47cbb242-a356-43ba-95c3-0b0c9ef90fbf	TCGA-22-4609-01A	Primary Tumor		TCGA-22-4609-01A-21R-2125-07
95abf543-3987-4436-ba2a-a15e9c244d77	0ed46774-ff35-4335-9123-6e39bb29a13a.rna_seq.augmented_star_gene_counts.tsv	da2dd64c24f6b0a92404c118d8f34a87	4242658	TSV	STAR - Counts	TCGA-66-2727	5860a9f1-30e8-4833-99bb-a6863e78914b	TCGA-66-2727-01A	Primary Tumor		TCGA-66-2727-01A-01R-0980-07
eff6c35a-c977-41f4-953a-eb20227991f4	db17dee6-bf23-4bf4-9061-9d6916953566.rna_seq.augmented_star_gene_counts.tsv	2a831a903137013912dd1c843e96db16	4238643	TSV	STAR - Counts	TCGA-66-2754	637e900e-64ab-4bff-82b9-3ba6b5632f35	TCGA-66-2754-01A	Primary Tumor		TCGA-66-2754-01A-01R-0980-07
dce0ae40-4251-43e7-b25f-8b3ba700d1b0	75a4f53f-4388-4a69-8ee2-9765532b7f1c.rna_seq.augmented_star_gene_counts.tsv	f0e7c531f410e53262657e3993e8e21d	4242432	TSV	STAR - Counts	TCGA-94-A5I6	644f0c64-c710-4faa-ada5-cbb9a52acf93	TCGA-94-A5I6-01A	Primary Tumor		TCGA-94-A5I6-01A-21R-A27Q-07
9f6308ed-98f2-44cf-b3de-b534ccf808f9	68b558ca-c3bb-4a1f-b133-624c4bc0e2dc.rna_seq.augmented_star_gene_counts.tsv	0166e41b75bffeb6010ace26b4db6243	4241916	TSV	STAR - Counts	TCGA-85-A50M	6d991de7-8bfb-40a6-9070-edea041bd782	TCGA-85-A50M-01A	Primary Tumor		TCGA-85-A50M-01A-21R-A262-07
943d7e24-0b89-4ea8-9e86-573a7187a58b	8a19153b-5260-4fb9-939c-a4764bce20b0.rna_seq.augmented_star_gene_counts.tsv	98ecc7681d9482c13e2e58c23d63ff95	4229969	TSV	STAR - Counts	TCGA-85-8070	67f40b3a-882c-4ac9-9038-0e7b10a5ccdc	TCGA-85-8070-01A	Primary Tumor		TCGA-85-8070-01A-11R-2247-07
90b9c230-9813-4c8e-b9e7-9018ccd21d28	af58596d-09fc-4190-a9db-62896c0dc494.rna_seq.augmented_star_gene_counts.tsv	39a5ec5a8af72e24927295542335251f	4236303	TSV	STAR - Counts	TCGA-63-A5MU	7625a27d-a012-4f4d-b637-5f85d7cdae8c	TCGA-63-A5MU-01A	Primary Tumor		TCGA-63-A5MU-01A-11R-A26W-07
f34cfca8-0af0-4bd3-be67-a79d5bb31825	89932427-8666-4c29-b628-d2c78ac1183d.rna_seq.augmented_star_gene_counts.tsv	15f3f3adbd284c28df43876add8839c6	4249715	TSV	STAR - Counts	TCGA-NC-A5HT	8ba2cf7b-e474-4aba-8c6d-9fd36f5c6759	TCGA-NC-A5HT-01A	Primary Tumor		TCGA-NC-A5HT-01A-11R-A26W-07
f514f386-f7e8-4771-8d22-48430740328e	947d262c-5ccf-413a-868f-16ed7005a46b.rna_seq.augmented_star_gene_counts.tsv	9038ab5d116323307fb49b9993b5f04c	4235954	TSV	STAR - Counts	TCGA-85-8479	806e9c81-a76f-42d1-bc4d-8687b950b980	TCGA-85-8479-01A	Primary Tumor		TCGA-85-8479-01A-11R-2326-07
c9945774-3973-498c-a784-8a7b41b99d5d	94fd1716-2a81-4150-8816-daf54f2bb604.rna_seq.augmented_star_gene_counts.tsv	aa152a54f376c82492f83c0309bbc64d	4230599	TSV	STAR - Counts	TCGA-85-A50Z	8a0f8d00-86a0-4c63-a8d5-43bd2e13bd96	TCGA-85-A50Z-01A	Primary Tumor		TCGA-85-A50Z-01A-21R-A262-07
ef787e48-48bb-4b33-91d6-1fb9302bab0a	67980247-ec2a-4804-b4d1-ed752c40577a.rna_seq.augmented_star_gene_counts.tsv	0ed04674242a2bf1c2fa6c1157f31470	4259482	TSV	STAR - Counts	TCGA-21-5783	9b4fa1c2-ac5a-4e23-8d25-28e1446e7d8f	TCGA-21-5783-01A	Primary Tumor		TCGA-21-5783-01A-41R-2187-07
2a037b6b-c2dc-4d7b-974c-77054355733f	3954717e-89b3-4dd0-997e-9fdde4dd4a40.rna_seq.augmented_star_gene_counts.tsv	ffb01267863462d790105ddd62b388c5	4230888	TSV	STAR - Counts	TCGA-77-8156	96e31ca7-b917-4d04-804f-489243f6ee2b	TCGA-77-8156-01A	Primary Tumor		TCGA-77-8156-01A-11R-2247-07
a3dcf971-3667-4b2e-af2e-005bfe05225d	a00e31c2-0eb8-49eb-a91b-dd36502bf5cc.rna_seq.augmented_star_gene_counts.tsv	0882833401508fef543cf8b614939d9a	4245905	TSV	STAR - Counts	TCGA-43-3920	9293e197-e38a-4e19-a7d0-1b45d1ad48bd	TCGA-43-3920-01A	Primary Tumor		TCGA-43-3920-01A-01R-0980-07
f0599560-eb57-4d05-b9be-09d70aa1baa5	2ffed52e-068e-461e-acc1-a0db838af1e7.rna_seq.augmented_star_gene_counts.tsv	3c41881038fc9cb3a83caea6e74ab0e8	4234758	TSV	STAR - Counts	TCGA-52-7810	98b86f94-9ede-45ab-ba09-19a6ec6d9494	TCGA-52-7810-01A	Primary Tumor		TCGA-52-7810-01A-11R-2125-07
16868c31-baad-4796-a5ca-c65c902580af	edac7609-df82-4451-9ef3-ec30791fb45d.rna_seq.augmented_star_gene_counts.tsv	406fcc888a46d8809b8798ccc3cb31d5	4247991	TSV	STAR - Counts	TCGA-21-5786	9d841e6a-b292-45be-8a7a-50d54606592b	TCGA-21-5786-01A	Primary Tumor		TCGA-21-5786-01A-01R-1635-07
ca1ed3c2-6a69-4256-bc23-958599a70d45	3b944567-4d12-4cac-839f-31643a23b9fc.rna_seq.augmented_star_gene_counts.tsv	4fc63936ee64618e02f8432fbf0f9f74	4238923	TSV	STAR - Counts	TCGA-63-A5MR	a2d7c06b-efa9-4b7e-9ea6-b47c9ad6ef38	TCGA-63-A5MR-01A	Primary Tumor		TCGA-63-A5MR-01A-31R-A27Q-07
a94794ac-2691-4a8a-8329-c5aae6669d16	c3878bd6-8b79-422b-9512-0fe3a9df83e7.rna_seq.augmented_star_gene_counts.tsv	7ba78f18c4ffe3dcf4de725df033cbc3	4240948	TSV	STAR - Counts	TCGA-66-2793	9af6ed4e-8cdc-4f49-84e9-ba1053b5b3ca	TCGA-66-2793-01A	Primary Tumor		TCGA-66-2793-01A-01R-1201-07
e4d47a4b-0dd3-471f-86e7-7c682d646e98	37be25e5-fb01-48f0-b300-99db08d9250c.rna_seq.augmented_star_gene_counts.tsv	5dff7195b84675cc32ebe368532cad5a	4255147	TSV	STAR - Counts	TCGA-39-5031	9f20b4bc-ee09-42ef-9392-68054a7a2cfe	TCGA-39-5031-01A	Primary Tumor		TCGA-39-5031-01A-01R-1443-07
3f8a842f-7050-4119-9d01-84dc0434cc0d	a32c1e22-0523-41c9-86e5-ee3416aa53c9.rna_seq.augmented_star_gene_counts.tsv	9ab80e64f2b1172e3fd0773206fb2d33	4231841	TSV	STAR - Counts	TCGA-43-8116	9b4c86f2-6811-4e11-8104-fc020edbe1e2	TCGA-43-8116-01A	Primary Tumor		TCGA-43-8116-01A-11R-2247-07
90cf1bc5-1f8a-47b9-af32-12738b749817	5f69a28f-f424-4985-ae34-42a53d4803cc.rna_seq.augmented_star_gene_counts.tsv	914bf6b81d0fada27974909ab9507d9e	4213356	TSV	STAR - Counts	TCGA-77-A5GH	a2cd5b01-a1f6-46d0-9f05-9dc3df9019f7	TCGA-77-A5GH-01A	Primary Tumor		TCGA-77-A5GH-01A-11R-A27Q-07
31f07873-2605-4964-92ee-d93616655ef8	a77e253d-d9c6-4803-87aa-af6169b5546c.rna_seq.augmented_star_gene_counts.tsv	9d1b17706cb7f050142ca1da38d85de2	4235718	TSV	STAR - Counts	TCGA-98-8022	adc853b1-b8bf-488c-a1e2-e95603459b55	TCGA-98-8022-01A	Primary Tumor		TCGA-98-8022-01A-11R-2247-07
ce53fd27-c9f6-4e0f-87ad-4a596e5a2cd8	e6e2d0cb-325f-4e90-bcd0-c6fad9f64fe7.rna_seq.augmented_star_gene_counts.tsv	48598a464ea5f95d1a63217690868b52	4249097	TSV	STAR - Counts	TCGA-43-6143	a8764401-d2a5-45dd-941d-2ffb2e7a4664	TCGA-43-6143-11A	Solid Tissue Normal		TCGA-43-6143-11A-01R-1820-07
208d9341-7ba6-4167-8c2a-90ae6513e36f	9d56219d-4349-4331-9b32-f80230dc85c6.rna_seq.augmented_star_gene_counts.tsv	de61c83cad699745c40156a325c0510c	4236253	TSV	STAR - Counts	TCGA-94-8491	aeb67cc2-1573-4782-a6f8-baef7c2c5c47	TCGA-94-8491-01A	Primary Tumor		TCGA-94-8491-01A-11R-2326-07
136ceaee-2156-4f8a-9fb8-250018e9498d	01e1f9ea-c3f0-496a-ac40-264ad8bc3d9c.rna_seq.augmented_star_gene_counts.tsv	cb82941dbab2bfe73271ab278b26bf6f	4225797	TSV	STAR - Counts	TCGA-77-7335	b206617b-90a7-4467-b2ba-2000b2c6992d	TCGA-77-7335-11A	Solid Tissue Normal		TCGA-77-7335-11A-01R-2045-07
e63161c7-b824-4056-8eae-682861e88edb	8175545d-b1a7-472e-aa7f-23adaece2ccd.rna_seq.augmented_star_gene_counts.tsv	1882f20fbd9b7486607d03922254c5b3	4242785	TSV	STAR - Counts	TCGA-56-5897	b3a6edcd-6592-44fb-9ec1-037138bfbdaf	TCGA-56-5897-01A	Primary Tumor		TCGA-56-5897-01A-11R-1635-07
86ce663f-9823-4582-8ed9-898cae3edf9f	adac63c6-4b21-41bd-8388-bff13231d2b1.rna_seq.augmented_star_gene_counts.tsv	5aafd68f8b8fb4be326582c53e61539e	4252898	TSV	STAR - Counts	TCGA-18-3414	af1d9d69-0a45-4ad3-9873-57fbe4a4b895	TCGA-18-3414-01A	Primary Tumor		TCGA-18-3414-01A-01R-0980-07
e851fcff-9594-4b7f-8806-d182fee09e0f	688efbed-388c-4af2-886a-222bb100ea28.rna_seq.augmented_star_gene_counts.tsv	1e2918b35732f9740cea91555382bf1d	4243873	TSV	STAR - Counts	TCGA-56-7731	c32e04c5-2760-4a11-a7a9-ded1f4eb3a8c	TCGA-56-7731-01A	Primary Tumor		TCGA-56-7731-01A-11R-2125-07
1de6bf50-8b9e-48ca-a396-3ca7e3ea0572	7701440f-17b4-47da-a070-d11afd94e9ae.rna_seq.augmented_star_gene_counts.tsv	64f99fbc4b3a00316c6edd25f38fba12	4239341	TSV	STAR - Counts	TCGA-77-8133	becc8bb8-bdbf-426c-b9b6-a23558eb13c1	TCGA-77-8133-01A	Primary Tumor		TCGA-77-8133-01A-12R-2247-07
afa54e2a-f119-4729-9db4-9b98ba17ac44	1e8317d1-4bf5-4205-a280-1b7a6baa5d29.rna_seq.augmented_star_gene_counts.tsv	10923e7cb6ff1e119fb46f16f6a6392f	4239012	TSV	STAR - Counts	TCGA-85-A510	bf57d48c-ed43-4c3d-a689-8f60ef023372	TCGA-85-A510-01A	Primary Tumor		TCGA-85-A510-01A-11R-A26W-07
cc058884-41cd-45d1-b0af-ed0ed1655368	08607841-6e14-4f93-ab7c-9baa9554ed44.rna_seq.augmented_star_gene_counts.tsv	25350431a809a44b8feaccf5df665716	4224934	TSV	STAR - Counts	TCGA-85-8071	c652350b-9e6c-421d-8027-8b8819e4ac6c	TCGA-85-8071-01A	Primary Tumor		TCGA-85-8071-01A-11R-2247-07
04fae5f3-cc86-48aa-a935-77195c1fa8bc	1af97fe9-0db6-4a52-86cb-e6b73a42bcd3.rna_seq.augmented_star_gene_counts.tsv	b303725b41496cf709b5aea9a622034e	4241621	TSV	STAR - Counts	TCGA-21-1080	b9a81947-0348-4fe6-a0ac-d674cd13aa99	TCGA-21-1080-01A	Primary Tumor		TCGA-21-1080-01A-01R-0692-07
c3ec70f4-dfe8-4524-9b4e-ba127a806470	9eb13db4-8267-4121-a74c-ff3b57a5e9ef.rna_seq.augmented_star_gene_counts.tsv	f685259770ed17cc1db1a9507c2ec4a2	4231387	TSV	STAR - Counts	TCGA-77-8143	ba42da22-44c2-488f-91f0-e274948b5cef	TCGA-77-8143-01A	Primary Tumor		TCGA-77-8143-01A-11R-2247-07
d532537c-a2dd-41c1-ac55-1eb15ac1245e	d84f0063-4608-4d54-bd62-b49918c9ce81.rna_seq.augmented_star_gene_counts.tsv	c7f28d6d2eabf6ae1ec94323154f0d1a	4248028	TSV	STAR - Counts	TCGA-77-8007	c7b23a5a-c49a-4426-bd4e-b191f4227ac6	TCGA-77-8007-11A	Solid Tissue Normal		TCGA-77-8007-11A-01R-2187-07
f19f38a0-9e3b-4d6d-be42-62671c5a7f63	410424bd-6229-4e58-b21e-e904b35900ff.rna_seq.augmented_star_gene_counts.tsv	b8d20fb29111d58a73f80b9cf7f1a377	4242011	TSV	STAR - Counts	TCGA-77-7337	cdab8ae1-d0e5-4a85-901e-2b05c63fa2b9	TCGA-77-7337-01A	Primary Tumor		TCGA-77-7337-01A-21R-2045-07
6938d1db-96a5-4250-9e5b-a13196bbaa67	1db59c3c-a6f8-4a45-9e1a-82b154577467.rna_seq.augmented_star_gene_counts.tsv	248f1e757b8a073c12c4d5ca87d44f61	4235794	TSV	STAR - Counts	TCGA-85-8351	c935a05d-0bd5-4fad-8e06-950afe022bca	TCGA-85-8351-01A	Primary Tumor		TCGA-85-8351-01A-11R-2296-07
b502b174-162a-49ea-ac55-5ec9a15aeaa6	712aa5d8-f348-427f-b7ba-cced0c049423.rna_seq.augmented_star_gene_counts.tsv	b61a13923adf306b2897bca90c616e45	4235101	TSV	STAR - Counts	TCGA-56-7731	c32e04c5-2760-4a11-a7a9-ded1f4eb3a8c	TCGA-56-7731-11A	Solid Tissue Normal		TCGA-56-7731-11A-01R-2125-07
74762046-1558-44bd-aa87-57dddc47c749	59fd6a72-d96d-42af-8013-11f43af6eed5.rna_seq.augmented_star_gene_counts.tsv	b8577a2bbb6d2cf768a97e6094ca6812	4252644	TSV	STAR - Counts	TCGA-66-2781	d49b0369-905c-4608-96a9-cc854980fc4c	TCGA-66-2781-01A	Primary Tumor		TCGA-66-2781-01A-01R-0851-07
0b050c63-6aed-4573-bac1-30d36781fb1a	56ef1e18-3469-4e54-b117-4927b46c8b02.rna_seq.augmented_star_gene_counts.tsv	9a1cfe019567ff42389ffb3f29b932d2	4243266	TSV	STAR - Counts	TCGA-L3-A4E7	d856855f-3069-4169-a192-9113d8542cfb	TCGA-L3-A4E7-01A	Primary Tumor		TCGA-L3-A4E7-01A-11R-A24Z-07
a6e85696-c0ad-45b1-aa18-7293346d30f1	ebbbd946-8af3-464c-8bae-e9c8a889d9b3.rna_seq.augmented_star_gene_counts.tsv	0c6524130674f59060429122db52ac87	4241525	TSV	STAR - Counts	TCGA-33-6738	cb6065de-0fc2-40e6-9609-179dfc54943f	TCGA-33-6738-01A	Primary Tumor		TCGA-33-6738-01A-11R-1949-07
23a2176b-1fa3-4360-ab55-5683b4de2184	2869263a-7623-465c-a66e-56b87d746ea5.rna_seq.augmented_star_gene_counts.tsv	9f9f05efe81cc49756e575a0d65b1153	4238526	TSV	STAR - Counts	TCGA-77-7337	cdab8ae1-d0e5-4a85-901e-2b05c63fa2b9	TCGA-77-7337-11A	Solid Tissue Normal		TCGA-77-7337-11A-01R-2045-07
7defae79-1d7b-4e15-b72b-393cf175da0e	c5008200-a047-47ea-a70d-ce7bb97106c8.rna_seq.augmented_star_gene_counts.tsv	02fc1dadc2eac645baff59fec5311f12	4247112	TSV	STAR - Counts	TCGA-66-2753	d539844b-d65d-41e6-a8f0-fa884df118bc	TCGA-66-2753-01A	Primary Tumor		TCGA-66-2753-01A-01R-0980-07
2ca334ad-b3a2-4d1e-871b-85ffda291a43	138a59d3-ccab-4bb2-ae53-c46b1db766a0.rna_seq.augmented_star_gene_counts.tsv	32e23841a92c09ec3a46c6f815c18723	4244394	TSV	STAR - Counts	TCGA-96-8169	d598c429-6027-44a1-88a9-e0c396490942	TCGA-96-8169-01A	Primary Tumor		TCGA-96-8169-01A-11R-2296-07
af4b1495-7078-4042-8d0d-1769b7dcc53d	9643ba21-d26d-441e-a68d-ce4b98790711.rna_seq.augmented_star_gene_counts.tsv	3d61bd63df4c2be510a927b990004056	4244106	TSV	STAR - Counts	TCGA-XC-AA0X	ddac166a-425a-4fce-8df8-f945a2eaa198	TCGA-XC-AA0X-01A	Primary Tumor		TCGA-XC-AA0X-01A-32R-A405-07
ab2a89cd-3706-4aa5-9d93-e32fc904c51d	a819f9d2-3541-4d39-be2d-dd70750daefe.rna_seq.augmented_star_gene_counts.tsv	b56c647cc0ced1f2a9eee5d73fa5bb35	4248359	TSV	STAR - Counts	TCGA-34-2600	da61857a-b00e-4a19-ab02-8fbb2ee56bea	TCGA-34-2600-01A	Primary Tumor		TCGA-34-2600-01A-01R-0851-07
42afded2-aa23-4f7f-b86f-ac47b324db1d	fbf226a9-b07a-4aa2-bcb6-ceaac4b373c0.rna_seq.augmented_star_gene_counts.tsv	a4da8e5f43def256c7bad034aa6ffa84	4247755	TSV	STAR - Counts	TCGA-66-2788	e487c72f-2cb4-4a88-bd69-cd006d5b4c1a	TCGA-66-2788-01A	Primary Tumor		TCGA-66-2788-01A-01R-0980-07
7b27b23a-d94c-4a9e-bf22-d8209a4bc6ef	b949ed76-60a2-4a59-b14f-0d215e69b71b.rna_seq.augmented_star_gene_counts.tsv	c04bd756c82c4766f98087ace39716ee	4203218	TSV	STAR - Counts	TCGA-18-3417	e28cbc9a-aa60-4bfb-8d89-8c33ee97f560	TCGA-18-3417-01A	Primary Tumor		TCGA-18-3417-01A-01R-1443-07
7c59b296-82f3-4bd4-978b-5cae1cbef1e8	8eabe76e-2392-4796-9c4d-a69f5514ec99.rna_seq.augmented_star_gene_counts.tsv	1be1fec6ff71cdca7dba6d2d2857a60b	4250447	TSV	STAR - Counts	TCGA-39-5040	eca4bfa2-5ba5-4708-959a-d901c1b61edd	TCGA-39-5040-01A	Primary Tumor		TCGA-39-5040-01A-21R-2125-07
2773ff80-83f6-4e19-a384-e2f0e7ae92b3	b79f8294-ec5f-4d9c-9246-c695564f41ce.rna_seq.augmented_star_gene_counts.tsv	e858ff57223fa3e751836cced7c3d96e	4245251	TSV	STAR - Counts	TCGA-85-7950	ee54896d-0895-47fe-b432-ef922deba5d8	TCGA-85-7950-01A	Primary Tumor		TCGA-85-7950-01A-11R-2187-07
041ade4f-0a88-4b1d-8454-08a2bc3cb3c2	e9cd1886-24d4-4589-82b1-f87830f1d1c5.rna_seq.augmented_star_gene_counts.tsv	7f4d1f31d7b9a3850ad7db2ac9f5f6ec	4210175	TSV	STAR - Counts	TCGA-22-4599	e5e4ead7-f2d8-4d72-aedc-393ee002a081	TCGA-22-4599-01A	Primary Tumor		TCGA-22-4599-01A-01R-1443-07
75687790-7c48-4de5-9e8b-6a82ea97ddd1	3bc5448b-cfac-4845-b8f2-368dd96d678a.rna_seq.augmented_star_gene_counts.tsv	39748ecb9e197e1d674bcb81d48fe98e	4237097	TSV	STAR - Counts	TCGA-56-8622	e731fed6-be23-4b19-8550-6e500613c468	TCGA-56-8622-01A	Primary Tumor		TCGA-56-8622-01A-11R-2403-07
4ca257ea-95ef-4881-8ab5-cd3ee88dbb6d	a60d117e-875a-4e40-a39a-b93be0a42a41.rna_seq.augmented_star_gene_counts.tsv	9b8a0c118b3e359dfd072d96f15fa60b	4234833	TSV	STAR - Counts	TCGA-58-A46N	fe49127a-8402-4479-afff-801c6452de25	TCGA-58-A46N-01A	Primary Tumor		TCGA-58-A46N-01A-11R-A24H-07
ab646f7c-46a6-45a9-91ae-43f5d230b542	6f89146c-407c-4e31-94df-89c5c1b7d0af.rna_seq.augmented_star_gene_counts.tsv	de7fc523412dd59fee2b4d9f7168f962	4251585	TSV	STAR - Counts	TCGA-70-6722	f7287eb4-c77d-4c67-a768-87fcccd668f5	TCGA-70-6722-01A	Primary Tumor		TCGA-70-6722-01A-11R-1820-07
c70afde9-ba58-47e4-aeec-508a8116418a	029a2c3e-0fd1-4cb4-9021-3947d28ca28d.rna_seq.augmented_star_gene_counts.tsv	31eda780238a2b1aa287464b97dc5fe6	4228169	TSV	STAR - Counts	TCGA-46-3766	ec260f86-7186-4bf2-9de9-320b4ca155a4	TCGA-46-3766-01A	Primary Tumor		TCGA-46-3766-01A-01R-0980-07
26fc2982-0376-40d8-8829-50a6d8c71b85	4ea1f43b-d7c9-4f69-9d95-3de67306dfae.rna_seq.augmented_star_gene_counts.tsv	d79d8b7df7e61c03608a32b53e0064ab	4232126	TSV	STAR - Counts	TCGA-NK-A5CT	f2e35ffc-c87a-4e42-9c8d-e7e5d8b49d87	TCGA-NK-A5CT-01A	Primary Tumor		TCGA-NK-A5CT-01A-31R-A26W-07
81e7d771-eb01-4025-93c8-83ad7e0f6408	3a361424-ea8c-4b61-b9bb-a4ce1d64e9d7.rna_seq.augmented_star_gene_counts.tsv	1b58b92409457a1479abe2976d74f537	4232912	TSV	STAR - Counts	TCGA-85-8664	f30d81c6-d8d3-4547-b056-3942e390b936	TCGA-85-8664-01A	Primary Tumor		TCGA-85-8664-01A-11R-2403-07
ab355a1f-46ca-43c6-a125-9a9bd55fea4f	329bb593-6a8e-4df8-837f-639279f2abf1.rna_seq.augmented_star_gene_counts.tsv	ae8907e451abb8e6180c50b91462a8a9	4243668	TSV	STAR - Counts	TCGA-66-2777	23e65963-d9f3-4cec-953c-4dd06f7d8668	TCGA-66-2777-01A	Primary Tumor		TCGA-66-2777-01A-01R-1201-07
fd1da1e9-1fef-4037-ba7e-e83e958f7834	5c6bb775-aaa5-4b5f-90be-86926549ae90.rna_seq.augmented_star_gene_counts.tsv	78d29d013d2eabed16b864d421cc8026	4251409	TSV	STAR - Counts	TCGA-77-6844	fc6fa488-f8e3-4336-97dc-bd8c087c70e6	TCGA-77-6844-01A	Primary Tumor		TCGA-77-6844-01A-11R-1949-07
7e0f37e9-280e-470d-8ec0-aa57fbd5f07c	88f0e50c-df5f-42c6-b591-97dd11572f63.rna_seq.augmented_star_gene_counts.tsv	2b17f9b502e852ac859a49c08a05a162	4233200	TSV	STAR - Counts	TCGA-NC-A5HG	c179d6b1-6182-48b8-a376-3133e0dec278	TCGA-NC-A5HG-01A	Primary Tumor		TCGA-NC-A5HG-01A-11R-A26W-07
5c245ac1-a5d7-4c07-8b74-fafba8fc9e5d	8c0cab37-8256-4d01-bd3f-a888514986bc.rna_seq.augmented_star_gene_counts.tsv	ed0efb916c5cd95306453fd878cd47b1	4245526	TSV	STAR - Counts	TCGA-63-5131	68107725-a883-4b33-a366-d9b4adb18028	TCGA-63-5131-01A	Primary Tumor		TCGA-63-5131-01A-01R-1443-07
543bccea-3c04-452f-aa0d-e978eb531c0e	023acc63-ca58-42f9-939c-3b22682dc7cc.rna_seq.augmented_star_gene_counts.tsv	c40da5791586887184ebea2395c1b14e	4218950	TSV	STAR - Counts	TCGA-63-A5MT	531d1248-76ae-46a1-8f65-cdecf9bcb0d8	TCGA-63-A5MT-01A	Primary Tumor		TCGA-63-A5MT-01A-21R-A26W-07
6bff99d4-8131-4e5f-8bc8-57bb4675d580	007e754d-e85c-4278-9183-382fbc61121f.rna_seq.augmented_star_gene_counts.tsv	bec0587f278b5eb75c7ab91c2a882779	4232331	TSV	STAR - Counts	TCGA-63-7020	2d25094f-dc1f-4013-bc6b-54c64a666faa	TCGA-63-7020-01A	Primary Tumor		TCGA-63-7020-01A-11R-1949-07
0d7c7ed6-8fc3-42c1-9669-297584b110c5	7437ff54-52c5-4ea7-87f2-d97c9a608657.rna_seq.augmented_star_gene_counts.tsv	8ab3d7c5e7b9ae5674f1689954e672b6	4258549	TSV	STAR - Counts	TCGA-22-5477	bd15f523-45c4-4d7c-a3cc-4fb56abb0e54	TCGA-22-5477-01A	Primary Tumor		TCGA-22-5477-01A-01R-1635-07
f15dc2b8-c1e3-4e27-8245-c4706baa8517	b666be40-4027-417f-81ed-6315b961cd98.rna_seq.augmented_star_gene_counts.tsv	7aec15adcde12071651d4d0a754e8fd0	4244542	TSV	STAR - Counts	TCGA-60-2724	a3e1ac67-a1f2-44fb-8343-a7e8239fc24a	TCGA-60-2724-01A	Primary Tumor		TCGA-60-2724-01A-01R-0851-07
7aec753d-4fad-42f3-a5f8-066ed421d069	31eef80b-438a-4bad-aee6-3aca3ab59f9e.rna_seq.augmented_star_gene_counts.tsv	ca86734dbf5bfd4e4098a34c11691bf0	4239924	TSV	STAR - Counts	TCGA-98-A538	d3e604d1-f8e3-47f7-86fb-104035590af8	TCGA-98-A538-01A	Primary Tumor		TCGA-98-A538-01A-11R-A262-07
4e1add14-24f2-4ee0-aaf6-053116115a52	8473bc80-0ea5-4e1e-a761-46851d97e4ff.rna_seq.augmented_star_gene_counts.tsv	4709da5a4c4693e2a7f09d25613c4831	4245961	TSV	STAR - Counts	TCGA-22-0944	df7c9193-0bd2-4fd9-8ae1-1f9d341e92c5	TCGA-22-0944-01A	Primary Tumor		TCGA-22-0944-01A-01R-0692-07
4f7d265c-1060-4d43-9846-03fdb3d77bf1	08f10974-e170-4110-92a9-8bf0a345582a.rna_seq.augmented_star_gene_counts.tsv	917cd3e0d1ad25668dab8331053fc693	4230331	TSV	STAR - Counts	TCGA-33-AASL	b9fc1fcf-17dc-496c-a072-7664382bc9bb	TCGA-33-AASL-01A	Primary Tumor		TCGA-33-AASL-01A-11R-A405-07
c4dd4c4b-7ea5-4d78-811e-078e45a37b35	d3516b7f-5392-415c-930c-835974d888c7.rna_seq.augmented_star_gene_counts.tsv	e5236d6f8da4239c8e8397138c186f60	4253221	TSV	STAR - Counts	TCGA-22-4591	211bb982-16f4-4f07-b24f-e633703f24c4	TCGA-22-4591-01A	Primary Tumor		TCGA-22-4591-01A-01R-1201-07
d980f19b-9abc-4241-afd0-5c34092bf095	06a9f429-7bea-4d5e-928f-a8cde8d19aa4.rna_seq.augmented_star_gene_counts.tsv	5b2b8bacb46bf14d4597d48df781bfac	4252374	TSV	STAR - Counts	TCGA-39-5024	3a74420c-9ee6-4131-8aff-7265b047e6a8	TCGA-39-5024-01A	Primary Tumor		TCGA-39-5024-01A-21R-1820-07
b2b395be-bc12-416a-9ade-aa8194a84d28	f81dab30-a34a-4187-a196-fc972774cd75.rna_seq.augmented_star_gene_counts.tsv	14ab6e74f8cc22ff7b86f1e106dec8ee	4239252	TSV	STAR - Counts	TCGA-77-A5G1	bf6bab32-98bb-4e09-a7fe-c5c1779a5f60	TCGA-77-A5G1-01A	Primary Tumor		TCGA-77-A5G1-01A-11R-A27Q-07
c5922138-4e15-4546-b8a2-8cec6917262d	61434b0a-cdde-49df-a274-4add65d45215.rna_seq.augmented_star_gene_counts.tsv	6c4b8fdde1b70bf61457056f7d0e315b	4276522	TSV	STAR - Counts	TCGA-51-4081	3f43c83e-c2a2-4224-9da0-0757b9c7d4ca	TCGA-51-4081-11A	Solid Tissue Normal		TCGA-51-4081-11A-01R-1758-07
86ed5b38-ea85-43c1-a4bf-a8b6dbdf6425	2790a8f4-e86f-4caf-b560-3394c5c65c7d.rna_seq.augmented_star_gene_counts.tsv	a048d8317b17f043cbeb7d89fb63bcda	4243545	TSV	STAR - Counts	TCGA-NC-A5HH	b5865f1e-604d-487d-8a19-dc0c887203ed	TCGA-NC-A5HH-01A	Primary Tumor		TCGA-NC-A5HH-01A-11R-A26W-07
da5d8d97-8144-480d-808e-6a8108738229	5a51e3af-4eb9-474c-8c47-08dd8c178c06.rna_seq.augmented_star_gene_counts.tsv	e795362956b4a681f1f090045a98a217	4243710	TSV	STAR - Counts	TCGA-51-4081	3f43c83e-c2a2-4224-9da0-0757b9c7d4ca	TCGA-51-4081-01A	Primary Tumor		TCGA-51-4081-01A-01R-1100-07
3a0bf450-e1f0-44b3-81e0-fb4fdda6e54e	7fa2ce4e-3875-485e-84d4-0781ccde8577.rna_seq.augmented_star_gene_counts.tsv	5a9233c4be9fc241f96e925ef42d078d	4254449	TSV	STAR - Counts	TCGA-22-1002	96006f5e-5922-4e55-afa5-5e43773d72f2	TCGA-22-1002-01A	Primary Tumor		TCGA-22-1002-01A-01R-A96U-41
e6d4a439-2636-4ecf-b611-d2085c258730	0139ef5f-7adc-4e84-90c1-42ebf59aaf98.rna_seq.augmented_star_gene_counts.tsv	8f883401f5328613f9b6064e4266ca1c	4249230	TSV	STAR - Counts	TCGA-96-A4JL	0cca2b84-62bb-41c6-a65d-c27e4e98af78	TCGA-96-A4JL-01A	Primary Tumor		TCGA-96-A4JL-01A-11R-A24Z-07
ac55bde0-199a-410d-8127-e2ac2a320e2b	b3318acf-3b21-4d6c-beb9-0c18a18a484d.rna_seq.augmented_star_gene_counts.tsv	ffbf96e50847d45c76a702159aece835	4241718	TSV	STAR - Counts	TCGA-37-A5EM	1cbf2cad-75c3-4615-9734-0fcdc00dcee5	TCGA-37-A5EM-01A	Primary Tumor		TCGA-37-A5EM-01A-21R-A27Q-07
3b38f2f6-1dc9-415f-ba13-54ecbaa82235	96f0d70a-212f-45f5-a997-b392bea009cb.rna_seq.augmented_star_gene_counts.tsv	5a2a867f3c526917261b86f4c75c3253	4252725	TSV	STAR - Counts	TCGA-66-2763	1e3eb77c-d85b-437e-8b8c-12e5bd0e93dc	TCGA-66-2763-01A	Primary Tumor		TCGA-66-2763-01A-01R-0851-07
ac8b8255-d058-4a35-9aa3-7b541e6ece12	a1186717-f0f7-497e-9b5c-4ee4033ea8e1.rna_seq.augmented_star_gene_counts.tsv	d78d780810fba0f69461b8120fa76284	4233182	TSV	STAR - Counts	TCGA-O2-A52W	1a49a131-d714-40d7-85b6-c4822c0c6264	TCGA-O2-A52W-01A	Primary Tumor		TCGA-O2-A52W-01A-11R-A26W-07
2ea24d12-dddd-4628-ab66-5c70805b07e2	996bd4b6-e9a9-475c-8794-be2082131a9f.rna_seq.augmented_star_gene_counts.tsv	295895975153bf747282c8c1047dc1fc	4241436	TSV	STAR - Counts	TCGA-56-8629	1f084d72-fbf9-4787-b107-815b481b1a6e	TCGA-56-8629-01A	Primary Tumor		TCGA-56-8629-01A-11R-2403-07
8dc3309f-0346-478c-a704-872a046ff2aa	0672c617-1b52-4184-b879-87817fcc38b7.rna_seq.augmented_star_gene_counts.tsv	94f9377d0161fb6d958c6fcbe6ff433b	4245877	TSV	STAR - Counts	TCGA-92-7341	23421041-fc75-4610-8a59-3246fb6df7e8	TCGA-92-7341-01A	Primary Tumor		TCGA-92-7341-01A-31R-2045-07
e8a0217b-86ba-47ef-83f6-1673cd259aec	2a1a5931-9e05-45f4-bbb9-22659ede3bbb.rna_seq.augmented_star_gene_counts.tsv	49daf550e914f0f710c3780d58fca13c	4242571	TSV	STAR - Counts	TCGA-98-A53D	20765a71-fa13-4d5a-9e66-9ffe961f72ad	TCGA-98-A53D-01A	Primary Tumor		TCGA-98-A53D-01A-32R-A262-07
a79328d0-1da2-4a72-a319-2badd03985e3	bcfe99a0-4126-4247-8dcc-c823ce2fdcd5.rna_seq.augmented_star_gene_counts.tsv	69003e695bcef47b4621381535c3dd8e	4241776	TSV	STAR - Counts	TCGA-56-8625	234c7de4-ce5b-4a2f-ac46-9da61cff1680	TCGA-56-8625-01A	Primary Tumor		TCGA-56-8625-01A-11R-2403-07
1b4d3f57-64ce-4b42-b1e9-9704a1a658fa	3d6190d3-a73e-4682-a06f-368b657176c6.rna_seq.augmented_star_gene_counts.tsv	a5f1b550fe7a7a5f4b8be63f4f9f0059	4250011	TSV	STAR - Counts	TCGA-77-8008	43ea8913-abfe-495d-a909-d57da13d1a27	TCGA-77-8008-01A	Primary Tumor		TCGA-77-8008-01A-21R-2187-07
3bbd159a-d840-443f-9c57-060928bb51ef	fc991e3e-2254-4c4b-bf88-2115807b1801.rna_seq.augmented_star_gene_counts.tsv	06116328846477b9dc5c1ca6ee537a3b	4250388	TSV	STAR - Counts	TCGA-66-2737	3d6a027b-dfda-42b3-9323-407e42cf6d10	TCGA-66-2737-01A	Primary Tumor		TCGA-66-2737-01A-01R-0980-07
5dad1e97-fad2-4865-90fd-baf08a0b0c53	5ac5e409-ce51-4c5d-906c-7f7612f6d0a4.rna_seq.augmented_star_gene_counts.tsv	38565390f470c458e21d93813b6490c8	4234221	TSV	STAR - Counts	TCGA-39-5036	3ebd3dcd-b4f1-449c-8b2f-86f90643676b	TCGA-39-5036-01A	Primary Tumor		TCGA-39-5036-01A-01R-1443-07
6c254294-98e1-4df0-ae22-0c678095473c	03f9c75a-109a-4d53-b448-5fa5f294ce90.rna_seq.augmented_star_gene_counts.tsv	4059871c0713e800442ece1df9d90434	4247923	TSV	STAR - Counts	TCGA-77-7142	37a0ab12-44af-4815-b7cc-961d44851470	TCGA-77-7142-01A	Primary Tumor		TCGA-77-7142-01A-11R-2045-07
6b3887e7-fbf3-402a-bd2d-895ad964dfbe	e37593fe-84a2-427d-88fc-1141f11f2649.rna_seq.augmented_star_gene_counts.tsv	138a824eb3dabd6f5afd4817162f470b	4272138	TSV	STAR - Counts	TCGA-56-7223	38007506-4865-41d4-83a9-1aa13648f459	TCGA-56-7223-01A	Primary Tumor		TCGA-56-7223-01A-11R-2045-07
5d0e6235-fe18-4081-a8f3-51e21c282303	08f92b8f-7cb8-41fd-955c-6482e9641ef8.rna_seq.augmented_star_gene_counts.tsv	df584c70cdc4eb96f2661172e4959612	4239643	TSV	STAR - Counts	TCGA-85-8287	484c6114-ea0b-4c00-9f50-74fd413bd6dc	TCGA-85-8287-01A	Primary Tumor		TCGA-85-8287-01A-11R-2296-07
3c9482b7-95fe-40b3-b535-4b92af0a5303	b9184c47-1ce0-42d6-bd30-702c960d2fe0.rna_seq.augmented_star_gene_counts.tsv	51adf6258319ca6f0ecfe258e28afb3e	4244874	TSV	STAR - Counts	TCGA-43-6647	40e928e8-bedd-4b86-81bc-b581bfc897d4	TCGA-43-6647-01A	Primary Tumor		TCGA-43-6647-01A-11R-1820-07
02a9936a-363e-4874-8f97-715a117973bd	b605621a-61c1-4542-b6c7-3f4729e68b9f.rna_seq.augmented_star_gene_counts.tsv	6a58d3270501a32367c51d39aada5136	4230713	TSV	STAR - Counts	TCGA-92-8063	418a004e-d5a9-461b-8764-4b581b6b8223	TCGA-92-8063-01A	Primary Tumor		TCGA-92-8063-01A-11R-2247-07
3ceaa569-c317-4e2f-a8e5-77db311e6032	c041e95c-7dc7-4233-a91f-34821c98d662.rna_seq.augmented_star_gene_counts.tsv	fc84eb21772ddbcbc8856aa4466261d6	4251156	TSV	STAR - Counts	TCGA-60-2709	4718e180-c166-4826-b5a1-945f4a56eb16	TCGA-60-2709-11A	Solid Tissue Normal		TCGA-60-2709-11A-01R-1820-07
51b77f56-8fbe-461f-8bfa-e27442045ea6	bfd1b561-68e5-43a7-9c29-4c6f47bfbfb1.rna_seq.augmented_star_gene_counts.tsv	a20f98fe76ce7f97f645c0552ab7ec9e	4252410	TSV	STAR - Counts	TCGA-60-2719	585e6487-b0a3-4828-8a06-46bee01dff74	TCGA-60-2719-01A	Primary Tumor		TCGA-60-2719-01A-01R-0851-07
723a8c8e-03e4-4f77-9944-f0c4a42ec3ce	d2cee676-1fc7-4cad-8214-5ee8dce19b44.rna_seq.augmented_star_gene_counts.tsv	b965074de946b0237eca0cc430d6e756	4236056	TSV	STAR - Counts	TCGA-85-8580	6205bb0d-f5ad-4181-a62b-5cb21415ff8e	TCGA-85-8580-01A	Primary Tumor		TCGA-85-8580-01A-31R-2403-07
6661360a-3532-4876-a994-580d1bba454e	399ad5f4-8c56-4de9-82ec-bcddc45700b3.rna_seq.augmented_star_gene_counts.tsv	57fe562c9b4368a7e514aa5c7d3af7ba	4251146	TSV	STAR - Counts	TCGA-22-5491	4cdeafe4-a6db-498f-a019-6e3a9dc35b2f	TCGA-22-5491-01A	Primary Tumor		TCGA-22-5491-01A-01R-1635-07
b61b2540-0b0a-47ba-9226-8f3ce67b127a	a0c7880e-b483-44fd-a090-c728df11d159.rna_seq.augmented_star_gene_counts.tsv	4550c12ea4b2d657b31c71d663eea8bb	4241271	TSV	STAR - Counts	TCGA-60-2707	4d687740-96ca-4d78-8c78-1a2024ce6b6c	TCGA-60-2707-01A	Primary Tumor		TCGA-60-2707-01A-01R-0851-07
7fff3f50-1510-4cea-a335-29814fe0ab10	a124b825-db72-4667-b83f-9454e506aecc.rna_seq.augmented_star_gene_counts.tsv	418080adc7cbc1c469340482752a4b74	4240350	TSV	STAR - Counts	TCGA-85-A4PA	6acdb5e1-4f4d-4512-a41b-ceec94b82744	TCGA-85-A4PA-01A	Primary Tumor		TCGA-85-A4PA-01A-11R-A24Z-07
99488a4a-85cb-4b08-96b4-c6a6a1238da9	3c6ef566-fb1a-48d6-9616-c64e7aed881a.rna_seq.augmented_star_gene_counts.tsv	5210d98306506ffaa5fc4b3ded78c5d1	4229852	TSV	STAR - Counts	TCGA-85-A4CN	67e92755-396e-4d9a-b737-979eadc743f9	TCGA-85-A4CN-01A	Primary Tumor		TCGA-85-A4CN-01A-11R-A24H-07
aea9f25d-825e-4e70-bef2-260b514b5f86	ac8931db-1d94-4301-952e-599717b5adf9.rna_seq.augmented_star_gene_counts.tsv	fc2d10c9a7ade8fb151a54789cb125cf	4223893	TSV	STAR - Counts	TCGA-77-A5G8	6f068c19-62a6-46ef-8c54-701fd19a6416	TCGA-77-A5G8-01B	Primary Tumor		TCGA-77-A5G8-01B-11R-A27Q-07
0e480f18-0e72-444e-b7e1-956a439471ad	a21c0490-049b-4451-a714-89007edb62f5.rna_seq.augmented_star_gene_counts.tsv	d1c3182edd30ba92ad70fe402f711deb	4221130	TSV	STAR - Counts	TCGA-77-8130	7fe0e47a-07e1-467b-b5dc-63e2a25ba6dd	TCGA-77-8130-01A	Primary Tumor		TCGA-77-8130-01A-11R-2247-07
d64e9bd5-868a-4c9b-89a2-5510f4319c75	37b8f665-3b34-46b9-96da-fcb0ce078432.rna_seq.augmented_star_gene_counts.tsv	f79f2b01162a8c6542b6326c91706ae3	4237484	TSV	STAR - Counts	TCGA-52-7812	81b7cbc1-c037-426f-95b0-d729a30697da	TCGA-52-7812-01A	Primary Tumor		TCGA-52-7812-01A-11R-2125-07
913909bf-6da5-4af5-ad86-017f0f0743e0	82051b71-71ff-402a-a97b-d402e0e8b32b.rna_seq.augmented_star_gene_counts.tsv	887b54f366cb73dbbb4ba77ab0ffb4cd	4240399	TSV	STAR - Counts	TCGA-34-8456	7d8d5dff-bdc1-4000-bc52-1fc3be3f6da4	TCGA-34-8456-01A	Primary Tumor		TCGA-34-8456-01A-21R-2326-07
7d53b735-23db-4321-a2ec-76264f7c607f	3f169585-7c16-4935-bf5c-bb746abcef02.rna_seq.augmented_star_gene_counts.tsv	8b10aad9a42d2f76c672f6498d8b821a	4221635	TSV	STAR - Counts	TCGA-77-8145	7ff92b3b-e810-42e2-9aa3-3e2335bb0f4a	TCGA-77-8145-01A	Primary Tumor		TCGA-77-8145-01A-11R-2247-07
bdd8f5e2-1b65-4c8d-8527-88b892cbb8fe	85a316b8-6292-47d9-b580-07900c5236b7.rna_seq.augmented_star_gene_counts.tsv	8f1695d31edc305086e2747421d6261b	4259375	TSV	STAR - Counts	TCGA-43-5670	7d905f8f-3967-4ea8-96c8-17b1b03fbec3	TCGA-43-5670-11A	Solid Tissue Normal		TCGA-43-5670-11A-01R-2125-07
4a5f6af0-e0d1-4657-9bdc-85eb6c31ffbb	e7ff7af5-c049-45ed-bd64-b6f28588444a.rna_seq.augmented_star_gene_counts.tsv	67e6ad6cfde04890c3a6db8179294d38	4239054	TSV	STAR - Counts	TCGA-56-7730	8bb3ed57-6e48-4c90-bcf2-baf9a843398f	TCGA-56-7730-11A	Solid Tissue Normal		TCGA-56-7730-11A-01R-2125-07
c6070343-86cb-4c71-8984-e8e5a2fd96f8	4a3427c8-30a8-4405-9535-58df503a2af0.rna_seq.augmented_star_gene_counts.tsv	7076bcb138a5d0180dacc76256e62626	4243189	TSV	STAR - Counts	TCGA-58-8390	80b5ef6b-6b2d-4f87-b4a9-5c22f7bfda7c	TCGA-58-8390-01A	Primary Tumor		TCGA-58-8390-01A-11R-2326-07
81f72f24-60e5-4d8f-a4de-41ef4a652243	c5cef3b1-5e10-46cc-8e87-90fc037a0f8d.rna_seq.augmented_star_gene_counts.tsv	11ae3a0b0fb0858c34804699cc68fd9d	4252186	TSV	STAR - Counts	TCGA-63-A5MV	8d18e026-668b-4513-9c68-9e03b18592e3	TCGA-63-A5MV-01A	Primary Tumor		TCGA-63-A5MV-01A-21R-A26W-07
253c806e-019c-4113-8b96-6cad516e225f	6ef57392-36ec-43e3-bef6-42e43f2f72cd.rna_seq.augmented_star_gene_counts.tsv	b0408b4664daea6f6ab24f5f3c7fca05	4228927	TSV	STAR - Counts	TCGA-77-A5G7	947b20ae-f6e3-497d-96d6-db0b9cab3c5a	TCGA-77-A5G7-01B	Primary Tumor		TCGA-77-A5G7-01B-11R-A27Q-07
586ef291-7051-40be-80a1-8049e5433202	ae3a62aa-c484-4ab2-999d-911179fbfd4d.rna_seq.augmented_star_gene_counts.tsv	0b408ba16870e7e6982e5efb6b19d1e7	4237885	TSV	STAR - Counts	TCGA-68-7757	9665b02f-970d-41fc-a07c-f01c8e3fe5a8	TCGA-68-7757-01B	Primary Tumor		TCGA-68-7757-01B-11R-2296-07
cfcbccac-2ccf-4b0c-b228-19bf5c21d2e1	2c18ce3b-cd22-4d25-b643-f98768ffa41a.rna_seq.augmented_star_gene_counts.tsv	61cf3b87beeb7196310472e04427757b	4230339	TSV	STAR - Counts	TCGA-43-6773	a3583ffc-adb9-40f5-8ec5-8a4f6f432220	TCGA-43-6773-01A	Primary Tumor		TCGA-43-6773-01A-41R-1949-07
6e6328d3-251d-4b16-8990-2b43623a99c5	8bf414c0-2db5-414c-b5f2-f3f6a5ce667e.rna_seq.augmented_star_gene_counts.tsv	686e8bd9381aae0d8014249e75df9a01	4234165	TSV	STAR - Counts	TCGA-66-2778	aabc43bb-485a-49bc-b48a-d4e4ecd46d33	TCGA-66-2778-01A	Primary Tumor		TCGA-66-2778-01A-02R-0851-07
c3ecd703-d8a8-4f30-aff7-9ba12b40ac70	1827bc9b-0b11-493a-af09-17d13f57698a.rna_seq.augmented_star_gene_counts.tsv	b9cbcf282c23c2ac02072e51a67a0d62	4240029	TSV	STAR - Counts	TCGA-33-AAS8	a57414a5-fcdb-47b5-b07e-edc7dc460783	TCGA-33-AAS8-01A	Primary Tumor		TCGA-33-AAS8-01A-11R-A405-07
132e38da-ca1b-4fc5-a462-f1eab6fd2e6e	136dad08-26b9-49c4-8419-e74dd5e3ed94.rna_seq.augmented_star_gene_counts.tsv	19409c018e902d44bfb8ee550e9506b0	4253094	TSV	STAR - Counts	TCGA-43-6771	b0818bee-c32c-405c-ba09-956091fbe09b	TCGA-43-6771-11A	Solid Tissue Normal		TCGA-43-6771-11A-01R-1820-07
a5101858-cab5-42b7-af4f-6f75dd62c36c	2e90137c-306a-4aee-b772-18827857d2e1.rna_seq.augmented_star_gene_counts.tsv	62ec0afe831cf9f49db27b83f4277ede	4251164	TSV	STAR - Counts	TCGA-85-8350	aa00283a-4a9e-4600-8046-43adc6833218	TCGA-85-8350-01A	Primary Tumor		TCGA-85-8350-01A-11R-2296-07
000b6b94-572d-4d06-a8f4-2e43829f83d4	e74f321c-217f-4bdc-ad17-f132501b5157.rna_seq.augmented_star_gene_counts.tsv	d83b0cf538490cded6fc6de3b8e3ac31	4249732	TSV	STAR - Counts	TCGA-90-A4EE	aa02aa9b-5786-463f-9db4-a9c20d31dc73	TCGA-90-A4EE-01A	Primary Tumor		TCGA-90-A4EE-01A-11R-A24Z-07
1c31bd56-1ce8-4276-a063-064c6d74033a	fddd9f63-f4af-46b9-9627-f69fcff845ed.rna_seq.augmented_star_gene_counts.tsv	69fb50722125a49883cae92584e463da	4262651	TSV	STAR - Counts	TCGA-22-5483	b162b3bf-8097-4466-b08f-6434f541038f	TCGA-22-5483-01A	Primary Tumor		TCGA-22-5483-01A-01R-1820-07
d6612221-f6c7-4adb-8402-7df979b35e03	84ca01d7-cdd8-449c-81b2-c50d128bc54e.rna_seq.augmented_star_gene_counts.tsv	dce48cc220ab3316531bdcbbff81b08f	4237168	TSV	STAR - Counts	TCGA-22-5483	b162b3bf-8097-4466-b08f-6434f541038f	TCGA-22-5483-11A	Solid Tissue Normal		TCGA-22-5483-11A-11R-1820-07
10cdb0af-b041-41fa-820e-8464a05cb20d	7e4e1851-367d-4517-bac5-d24d23397b2d.rna_seq.augmented_star_gene_counts.tsv	ad3544a556d258c1a51c30ab1fe26399	4224039	TSV	STAR - Counts	TCGA-77-7335	b206617b-90a7-4467-b2ba-2000b2c6992d	TCGA-77-7335-01A	Primary Tumor		TCGA-77-7335-01A-11R-2045-07
5da11eb6-0570-43e8-bb80-05fbd75bb347	9b1cbbad-58a1-4591-98b6-16292454d6f6.rna_seq.augmented_star_gene_counts.tsv	19d76abc6dc435c3de96dac5e898ccb8	4240979	TSV	STAR - Counts	TCGA-85-A512	bcb6447f-3e4c-44fe-afc3-100d5dbe9ba2	TCGA-85-A512-01A	Primary Tumor		TCGA-85-A512-01A-11R-A26W-07
69537a05-0fdb-4e2b-8343-ae2169965aed	7c38a399-6670-41d0-87d6-503ba3f39ef7.rna_seq.augmented_star_gene_counts.tsv	182bbcd39d87cd24cbf592eb8a208201	4228807	TSV	STAR - Counts	TCGA-39-5034	be5dcf02-8097-4a97-af32-6a9b02c079d3	TCGA-39-5034-01A	Primary Tumor		TCGA-39-5034-01A-01R-1443-07
bc6dcc74-df71-4444-bdc8-6d561ed42f64	5d83245d-083a-4728-9637-d1c1c2f69d9f.rna_seq.augmented_star_gene_counts.tsv	d2e1c2984c29e2b15d89da60dce0e1fa	4258431	TSV	STAR - Counts	TCGA-56-6545	af02050f-ebc4-4171-b63b-3b3faa279f2b	TCGA-56-6545-01A	Primary Tumor		TCGA-56-6545-01A-11R-1820-07
460ef0b3-7898-4f4d-94a0-21a6aa7440e1	a5b6ff9c-a3b0-4069-a135-9286fd9814e8.rna_seq.augmented_star_gene_counts.tsv	4d99cb7a9993424fb26a474cf1c49e9d	4251070	TSV	STAR - Counts	TCGA-56-A4BY	c0bb1051-09b2-46f3-a22b-fe313b1a6a4e	TCGA-56-A4BY-01A	Primary Tumor		TCGA-56-A4BY-01A-11R-A24H-07
86d50377-58c8-4653-8e0b-2fa840c10a3e	37b663a6-c5a4-4a4f-b082-ddb5d1c0caeb.rna_seq.augmented_star_gene_counts.tsv	5def426b0ae936bacd0f7a461ecc7626	4251250	TSV	STAR - Counts	TCGA-77-8007	c7b23a5a-c49a-4426-bd4e-b191f4227ac6	TCGA-77-8007-01A	Primary Tumor		TCGA-77-8007-01A-11R-2187-07
bf456ccc-e7bb-40e0-9e92-03e6ced8564b	bad4a9f0-f6cf-4dd7-927d-4bfa9df0401e.rna_seq.augmented_star_gene_counts.tsv	40b837a77deb5da0b511532bade7c04c	4243182	TSV	STAR - Counts	TCGA-18-3412	c8802713-b814-4b55-993f-3ffebf8c3ab8	TCGA-18-3412-01A	Primary Tumor		TCGA-18-3412-01A-01R-0980-07
72f1c7d8-ed9b-4d97-abaa-5c4d6478542f	b5356a8b-9401-442f-a5dd-7e9273723a67.rna_seq.augmented_star_gene_counts.tsv	1220bb3de7c8c2415e8176197a7e28b8	4243255	TSV	STAR - Counts	TCGA-66-2785	ce94e544-8887-479f-83cd-27b1c740e4c2	TCGA-66-2785-01A	Primary Tumor		TCGA-66-2785-01A-01R-0851-07
132bc0ae-2498-4a65-bcb9-1970b70b0df5	7dd3ae00-47e1-4214-a3cc-9f3e00321f11.rna_seq.augmented_star_gene_counts.tsv	ed90d9083dfa6741ca069d0803b40d9d	4238581	TSV	STAR - Counts	TCGA-21-5787	d11c4976-ba19-4616-be79-d1e321c26d07	TCGA-21-5787-01A	Primary Tumor		TCGA-21-5787-01A-01R-1635-07
e1b8346e-beca-46d7-8910-4a54d6597c75	80aff590-a6ab-451a-b53a-e4a0ee3ed70d.rna_seq.augmented_star_gene_counts.tsv	61d85328d7bd0c7f3c939146ccc287cc	4259036	TSV	STAR - Counts	TCGA-85-7697	caa36b5c-852b-4259-8db9-1091b1f02edd	TCGA-85-7697-01A	Primary Tumor		TCGA-85-7697-01A-11R-2125-07
d11530dd-3470-4187-8046-e26401ccd91d	82bd3194-3620-402f-b773-850722ebcf8e.rna_seq.augmented_star_gene_counts.tsv	39a6984fb98cc5a3cfaad4301bd8c489	4246618	TSV	STAR - Counts	TCGA-85-A5B5	d1cea7b9-9ba9-4461-ba9e-9b45b6f5af66	TCGA-85-A5B5-01A	Primary Tumor		TCGA-85-A5B5-01A-21R-A26W-07
8d5a94c8-b3d9-4991-8ce9-f7aa9189938c	4cbbd805-2dd4-479d-ae3b-ac8292540210.rna_seq.augmented_star_gene_counts.tsv	c45a34ba216855dc688ac4e09de7bec9	4241986	TSV	STAR - Counts	TCGA-98-A53A	d92cda30-29e0-452a-9de1-1c00758bbb8e	TCGA-98-A53A-01A	Primary Tumor		TCGA-98-A53A-01A-11R-A262-07
a2ff795f-2f9f-4a67-a8e8-5d1b70f397d8	77b0bb2f-6e9f-4c67-b64c-98eebf0bd99d.rna_seq.augmented_star_gene_counts.tsv	a94ff206d1abf6b2b8aae3fdd34f8356	4245265	TSV	STAR - Counts	TCGA-39-5028	d9b6a10e-ab02-47d9-a6c2-bb0c80238d29	TCGA-39-5028-01A	Primary Tumor		TCGA-39-5028-01A-01R-1443-07
5bb8ce26-770f-48cc-a481-466469d34073	4f179a2f-1e37-4ad9-9f21-0a6f1ecdf03e.rna_seq.augmented_star_gene_counts.tsv	58574bd6333f494d9ba69fc25d2d8f7c	4245566	TSV	STAR - Counts	TCGA-NC-A5HE	d5c24c76-2e98-41df-b17d-b53c0b5e7787	TCGA-NC-A5HE-01A	Primary Tumor		TCGA-NC-A5HE-01A-11R-A26W-07
5c3ec03d-d9eb-48e8-b132-5733dcf83131	5332a617-f178-4197-8ed4-2f49bf8751e0.rna_seq.augmented_star_gene_counts.tsv	72827c1770b1fa68775d7995cfcbebe7	4230393	TSV	STAR - Counts	TCGA-66-2795	da93a143-5799-4856-a5f4-3ff3b9284311	TCGA-66-2795-01A	Primary Tumor		TCGA-66-2795-01A-02R-0980-07
46211d46-b4da-43ed-8b36-abbed4f4f27e	fb5ab2bb-9c22-41cc-8955-4237f2426ee2.rna_seq.augmented_star_gene_counts.tsv	ae98d5038247f78d6639a6448911ab88	4249474	TSV	STAR - Counts	TCGA-77-7138	dea2269f-7e15-4ea1-88a4-2314a819c731	TCGA-77-7138-11A	Solid Tissue Normal		TCGA-77-7138-11A-01R-2045-07
5d4bca16-38fc-41c9-97c3-cab4c6e07cf2	3169371f-5fd0-40b5-838e-9c57dded9137.rna_seq.augmented_star_gene_counts.tsv	f53173fd81818d24430aa43ef8732efc	4241726	TSV	STAR - Counts	TCGA-66-2787	e1a2cccc-f0ce-4d23-bd58-e098009ebdac	TCGA-66-2787-01A	Primary Tumor		TCGA-66-2787-01A-01R-0980-07
ba47cbb5-556b-490b-af63-a5005ee42f11	2bfa31db-ff7b-4ba0-8412-c5b9c517e3c1.rna_seq.augmented_star_gene_counts.tsv	54bc6e8c8c95100201b7c8845a4f39da	4252264	TSV	STAR - Counts	TCGA-21-5782	e21964b8-47c7-4a5f-bfa7-7206222883d2	TCGA-21-5782-01A	Primary Tumor		TCGA-21-5782-01A-01R-1635-07
a51aca71-6bfd-4c02-86e2-cb8a1da7595d	0aca55d1-4133-487c-937b-c3e5462199c0.rna_seq.augmented_star_gene_counts.tsv	591f0d5710e4bdbfa11caef08a6277b9	4259097	TSV	STAR - Counts	TCGA-60-2713	e58e8850-154f-4695-bee0-005c76410327	TCGA-60-2713-01A	Primary Tumor		TCGA-60-2713-01A-01R-0851-07
61e08327-b344-426c-83f6-4669fa77c3d6	5cfb768f-7b49-4a72-92c9-d7502f5ba5b8.rna_seq.augmented_star_gene_counts.tsv	b4e562f99d317090f1fab08bbd772068	4236104	TSV	STAR - Counts	TCGA-NC-A5HN	e2e9a34a-8838-4e08-bb80-83f357704328	TCGA-NC-A5HN-01A	Primary Tumor		TCGA-NC-A5HN-01A-11R-A26W-07
1677f6e6-b177-4f08-9621-4f762c3a2e45	363f4a46-e1c5-4cf6-bfd7-101f7810530c.rna_seq.augmented_star_gene_counts.tsv	1ded759b17326821903369eb241471d1	4245402	TSV	STAR - Counts	TCGA-77-7139	ee850103-6314-41a3-9734-8b520de95b40	TCGA-77-7139-01A	Primary Tumor		TCGA-77-7139-01A-11R-2045-07
df84be80-ef6b-4417-a58c-fdfd2e031850	60b7b532-ebdd-403f-9f60-e54c7fc9669f.rna_seq.augmented_star_gene_counts.tsv	3c3f0834bf9641660bb501419f4b5c92	4212563	TSV	STAR - Counts	TCGA-18-4721	19f0cb8c-2e57-4310-967f-a9890f1605db	TCGA-18-4721-01A	Primary Tumor		TCGA-18-4721-01A-01R-1443-07
6050828b-0a01-44d5-993f-b9f7ef35a015	44c55465-02cd-4dca-8bc9-130d956ac143.rna_seq.augmented_star_gene_counts.tsv	08d4463d10e57dfef709e8af49aefa90	4237698	TSV	STAR - Counts	TCGA-63-A5MN	d81944a2-6cee-4773-912a-899fdf9eb1c4	TCGA-63-A5MN-01A	Primary Tumor		TCGA-63-A5MN-01A-22R-A27Q-07
858abd7d-396c-4dd3-b570-94f99ac9b9c0	2274e33f-7c66-441f-b480-044b26c44a6a.rna_seq.augmented_star_gene_counts.tsv	f25c8847b2f6bd6cd1dc3c7ac8727191	4235200	TSV	STAR - Counts	TCGA-33-AASJ	f400b427-954a-4f8a-a885-222e3e4c28ab	TCGA-33-AASJ-01A	Primary Tumor		TCGA-33-AASJ-01A-11R-A405-07
edb9cba3-6c54-4361-8920-583c0b2606aa	0dab5bf8-abc8-4fba-aa61-8f248378d942.rna_seq.augmented_star_gene_counts.tsv	54e0f10d49f71ae0c27b39d708f77837	4241787	TSV	STAR - Counts	TCGA-56-8307	b9817e22-ec5f-4a66-bf24-0f9fd9d3231e	TCGA-56-8307-01A	Primary Tumor		TCGA-56-8307-01A-11R-2296-07
4928764c-6c45-409a-b886-b9b458d37c2c	e4e9b46b-9fea-4358-908a-811d2bd44b54.rna_seq.augmented_star_gene_counts.tsv	b4a05013de2b54d4c7e5c43ca55071d4	4243641	TSV	STAR - Counts	TCGA-85-8288	186ca7d6-8354-43a2-b8a5-9ac79627331f	TCGA-85-8288-01A	Primary Tumor		TCGA-85-8288-01A-11R-2296-07
7dc40d65-c112-4490-ab18-9abd95c8825e	a22b62ac-3a98-495c-a64e-8ed21e101d6d.rna_seq.augmented_star_gene_counts.tsv	729858dbd3e56d2f10c553bbda861c27	4243821	TSV	STAR - Counts	TCGA-43-8118	ad98977b-e159-410a-b8c2-f4e8a07f9784	TCGA-43-8118-01A	Primary Tumor		TCGA-43-8118-01A-11R-2403-07
f60cd94a-dd5f-4cbb-86e9-c5c97713fd04	58bd16cc-d999-4d09-9205-82cc216a0d88.rna_seq.augmented_star_gene_counts.tsv	c8a0e17539720cb25fe31a69203bca57	4244620	TSV	STAR - Counts	TCGA-56-7580	cf9d5813-da70-4d7f-8185-d29d1b86b578	TCGA-56-7580-01A	Primary Tumor		TCGA-56-7580-01A-11R-2045-07
e464e573-8420-4516-a4b0-27850d3a18dd	e3ef1128-694c-48d6-81ee-62f0ea6ec582.rna_seq.augmented_star_gene_counts.tsv	47c6ddd0ff0e701511ef4103ebe11908	4247476	TSV	STAR - Counts	TCGA-85-8355	cf3cdd9e-43fc-44c7-90c8-e4e13deed9c6	TCGA-85-8355-01A	Primary Tumor		TCGA-85-8355-01A-11R-2296-07
9d3f54d7-901f-4861-b015-21d011a40869	a4c0b47f-515a-4578-a6d3-fbf447c5f107.rna_seq.augmented_star_gene_counts.tsv	931bb3de0b231909b8a060995ce53621	4252620	TSV	STAR - Counts	TCGA-66-2789	87ac0ad4-8c9d-409e-9a86-1d201d01769d	TCGA-66-2789-01A	Primary Tumor		TCGA-66-2789-01A-01R-0980-07
5db6d381-4369-4178-abee-2dea4a94f7aa	68111827-d5af-4d9c-beb2-e34678e73a62.rna_seq.augmented_star_gene_counts.tsv	b36e77e48c116370d49655ed1dd54d3a	4245991	TSV	STAR - Counts	TCGA-77-7465	188fe74b-a62b-47a0-9069-5c3a2837ee05	TCGA-77-7465-01A	Primary Tumor		TCGA-77-7465-01A-11R-2045-07
37c3f067-219c-48ba-bff8-8917fd91446e	3b3f2b34-6be9-4bd1-88d9-82c081b0d7e3.rna_seq.augmented_star_gene_counts.tsv	cd6c095df95b1df92f702e98788a5201	4238886	TSV	STAR - Counts	TCGA-63-A5MY	3b25aff2-9b5f-491a-8eff-d71a9cc8666b	TCGA-63-A5MY-01A	Primary Tumor		TCGA-63-A5MY-01A-11R-A26W-07
b4308fc4-3c4c-4eda-8e28-3aacf9f04bc0	fdce9f4e-2a2b-4f59-b8a8-32836db64ea5.rna_seq.augmented_star_gene_counts.tsv	2486b7eb76098a6a4c2a4e3e4980fb23	4253478	TSV	STAR - Counts	TCGA-63-A5MB	9b07ef0c-1329-4341-a5a4-42abe7a6737c	TCGA-63-A5MB-01A	Primary Tumor		TCGA-63-A5MB-01A-11R-A26W-07
a1b28726-ff2b-4a60-a48a-6e4ce62fa853	1b0ce868-c996-4684-8385-a6db580c75f5.rna_seq.augmented_star_gene_counts.tsv	7603c2c8ada848a7b7790dc5db302eb1	4236502	TSV	STAR - Counts	TCGA-66-2765	32c86f17-34c3-406b-85c5-4f5965619247	TCGA-66-2765-01A	Primary Tumor		TCGA-66-2765-01A-01R-0851-07
4213466a-89e1-4273-92b0-948e921fd59a	8c686928-1b0b-409b-90c4-c18015a70b52.rna_seq.augmented_star_gene_counts.tsv	4886ac64cc43d3cd42ff6a69469247b3	4267135	TSV	STAR - Counts	TCGA-34-5927	18f18672-2a23-4e26-987b-38c454ff46c7	TCGA-34-5927-01A	Primary Tumor		TCGA-34-5927-01A-11R-1820-07
0af62678-02f9-40a8-ac09-f72d0aa3ad3a	5d0fd556-9324-47cd-8c41-5cb591c6c1e3.rna_seq.augmented_star_gene_counts.tsv	52587012809c9a9e4c66c17f796035f6	4226318	TSV	STAR - Counts	TCGA-22-1005	3c56a43a-91f1-4a66-9cfe-d2e26b86a936	TCGA-22-1005-01A	Primary Tumor		TCGA-22-1005-01A-01R-A96U-41
89cdd19d-b0ee-4ae8-ac32-b2c938058472	570f101c-637a-453c-946d-795b7ae05ff9.rna_seq.augmented_star_gene_counts.tsv	1627aaf03c3899affd42cd2e207577da	4241656	TSV	STAR - Counts	TCGA-39-5011	5845fe49-f2cc-436b-9ec8-65e775eae111	TCGA-39-5011-01A	Primary Tumor		TCGA-39-5011-01A-01R-1443-07
5df6cdee-9f9e-4dfe-9f40-72727a9e0b15	58c8c207-21f4-489a-87e8-d1493970482d.rna_seq.augmented_star_gene_counts.tsv	2d7871a6db363ac120609d7a8b3a97bd	4240910	TSV	STAR - Counts	TCGA-34-5240	e7d1b042-5b1c-4c29-b501-a5ef4810ecd2	TCGA-34-5240-01A	Primary Tumor		TCGA-34-5240-01A-01R-1443-07
4881f536-790c-4c1c-9c19-d1c00057664f	c45b709b-951c-4382-9e91-0d38c7bc559f.rna_seq.augmented_star_gene_counts.tsv	0a49492c4c13bae26ed9838aa90d0c74	4243272	TSV	STAR - Counts	TCGA-68-8251	d484c95f-5128-4239-a6e5-1496de39ba4b	TCGA-68-8251-01A	Primary Tumor		TCGA-68-8251-01A-11R-2296-07
e1a0a027-6a72-4cb0-8324-cc661f18abe4	d9368b67-bd37-475a-810b-f0ec243c4e8f.rna_seq.augmented_star_gene_counts.tsv	4a941e251aba7623555ea9c8c5f90909	4241932	TSV	STAR - Counts	TCGA-37-4132	09d08a43-4dcb-46d6-b2bd-f6245a6fff21	TCGA-37-4132-01A	Primary Tumor		TCGA-37-4132-01A-01R-1100-07
9f5d177b-cf6e-4d5c-869d-845c8aa6fb73	ff06afdf-d79c-4f6b-a8ea-ef81b478bea7.rna_seq.augmented_star_gene_counts.tsv	5713c968417e687923ae3719b6a30513	4233578	TSV	STAR - Counts	TCGA-66-2771	1535c8ab-100d-4886-8598-12a94483d010	TCGA-66-2771-01A	Primary Tumor		TCGA-66-2771-01A-01R-0980-07
d89f60e5-23be-42ed-86ed-4ae80a6a1baa	515add64-0ee2-48cb-a5ce-fc26398a671e.rna_seq.augmented_star_gene_counts.tsv	f61c824020f9376003d81d2ff558f943	4239471	TSV	STAR - Counts	TCGA-63-6202	e171b02c-da2f-4452-a100-9ed989e73276	TCGA-63-6202-01A	Primary Tumor		TCGA-63-6202-01A-11R-1820-07
f2f16e96-2c61-47f3-a697-baec786f07a1	90f5d5aa-9eef-4cb3-a64c-7743a2fe572b.rna_seq.augmented_star_gene_counts.tsv	032a4bcf1d036000dd6b4bfaaddeec40	4240183	TSV	STAR - Counts	TCGA-85-8353	4db53b4c-2e5c-45ea-8577-4360c114e0c1	TCGA-85-8353-01A	Primary Tumor		TCGA-85-8353-01A-21R-2296-07
f1acda6d-314c-446b-bac1-d59491b04f5e	fcf92af8-a604-413c-9a52-44a612402a19.rna_seq.augmented_star_gene_counts.tsv	93084bcad073e6452d6fdb4261441c47	4249956	TSV	STAR - Counts	TCGA-98-A53I	96533d5b-6e44-4d8f-8fd7-270dd4f0362e	TCGA-98-A53I-01A	Primary Tumor		TCGA-98-A53I-01A-31R-A262-07
342ae6d9-d9b9-4458-8c39-19faf0c7aeac	ac006ae3-d1c7-47fd-950a-6eee9f72ad66.rna_seq.augmented_star_gene_counts.tsv	cf1ce09f5dd7e0ccf9ff46ef2fd2974b	4247051	TSV	STAR - Counts	TCGA-22-5482	dd5e3a1e-2adf-4eee-ac6b-c6efad97724a	TCGA-22-5482-01A	Primary Tumor		TCGA-22-5482-01A-01R-1635-07
bbf261ac-5cb3-425e-b12a-b236aafde297	55647be0-98bd-42f1-b097-3c46c11df85e.rna_seq.augmented_star_gene_counts.tsv	96062de2768f4e20ff438cd2880709a7	4259177	TSV	STAR - Counts	TCGA-22-5482	dd5e3a1e-2adf-4eee-ac6b-c6efad97724a	TCGA-22-5482-11A	Solid Tissue Normal		TCGA-22-5482-11A-01R-1635-07
0889a6ea-a12a-4cc9-bec5-3103a3cdbba3	1fe2c91b-af3e-40f7-858d-9ed0faccbbe3.rna_seq.augmented_star_gene_counts.tsv	8729ec60d3fde5ef7b1ab94ca6767fb2	4254966	TSV	STAR - Counts	TCGA-22-1016	037c57d1-b4a5-45dc-bda4-0550461d321b	TCGA-22-1016-01A	Primary Tumor		TCGA-22-1016-01A-01R-0692-07
c105286e-08ac-4988-85d3-41d5d9f5fdf5	1d551553-e0fd-4008-ab18-93fbf77cf9b9.rna_seq.augmented_star_gene_counts.tsv	04a23a812439c0b3c8cb80c40ca69c87	4233913	TSV	STAR - Counts	TCGA-85-6798	59b006b0-4a81-41c8-9574-29a732428e29	TCGA-85-6798-01A	Primary Tumor		TCGA-85-6798-01A-11R-1949-07
477a2b9e-22f2-47f8-9cc9-9e10f0eec04e	6a994238-296a-4047-a8d4-e2eed5dd7bfc.rna_seq.augmented_star_gene_counts.tsv	ab16716383ea692377002e58c01e13de	4218141	TSV	STAR - Counts	TCGA-77-A5GF	005669e5-1a31-45fb-ae97-9d450e74e7cb	TCGA-77-A5GF-01A	Primary Tumor		TCGA-77-A5GF-01A-21R-A27Q-07
b584825e-de20-44cb-bb1f-40db9b98fb3e	4bb272cb-9d6f-45da-a0fd-9527cdab49c1.rna_seq.augmented_star_gene_counts.tsv	64954393e3e48ec0b120b61658fb7e6a	4246779	TSV	STAR - Counts	TCGA-22-1002	96006f5e-5922-4e55-afa5-5e43773d72f2	TCGA-22-1002-01A	Primary Tumor		TCGA-22-1002-01A-01R-0692-07
f3705f68-9ed0-4945-9554-5cb2a7dd20dc	f63b906b-4b3b-4dab-b3f9-210baa574ee5.rna_seq.augmented_star_gene_counts.tsv	f7478c01465f7812e6d0fcfe6f493a24	4258855	TSV	STAR - Counts	TCGA-22-A5C4	7224cb42-6799-405f-819d-d45b1cef075e	TCGA-22-A5C4-01A	Primary Tumor		TCGA-22-A5C4-01A-12R-A27Q-07
f9c798c4-0efd-4887-8535-6e2e0298556e	42aeebe7-20fc-463e-84a4-90964a61c5fb.rna_seq.augmented_star_gene_counts.tsv	98f13c3bfb796e7f07704db7a2f5ae10	4250795	TSV	STAR - Counts	TCGA-34-2608	44c56277-37e5-47a9-b476-d8475ef477ca	TCGA-34-2608-01A	Primary Tumor		TCGA-34-2608-01A-02R-0851-07
6602a055-2305-48a2-9c54-8a29778c5644	e83faec0-340e-4d7a-b56f-dfe285e6b794.rna_seq.augmented_star_gene_counts.tsv	183aad4f4cd026fa502c492ea11c3b16	4242218	TSV	STAR - Counts	TCGA-34-8454	059212b3-9e71-4d00-863f-3639c4e30ed1	TCGA-34-8454-01A	Primary Tumor		TCGA-34-8454-01A-11R-2326-07
b770f87e-a9a9-4748-8649-86baf9629dad	285c2788-1da0-4ad7-b98c-0d0619b627bd.rna_seq.augmented_star_gene_counts.tsv	d6eb0ca9fb115eaf38b80df96320cc9d	4245328	TSV	STAR - Counts	TCGA-52-7811	0f5cebb3-a37b-471f-bbd3-b03ce171812a	TCGA-52-7811-01A	Primary Tumor		TCGA-52-7811-01A-11R-2125-07
19fb2e8f-1227-4388-b553-1fc39c26ed48	e8788eed-247a-4338-80f5-e648825de780.rna_seq.augmented_star_gene_counts.tsv	04959f0bd3b98538e4bf525c0724cde1	4234489	TSV	STAR - Counts	TCGA-63-7021	08ce6fee-2e8b-4398-8c99-aa426d03f523	TCGA-63-7021-01A	Primary Tumor		TCGA-63-7021-01A-11R-1949-07
df995d66-d541-42e4-935e-198829fbecb2	7348a0dd-4824-478c-95e9-fd7107c247b6.rna_seq.augmented_star_gene_counts.tsv	ccaa5f0e5d09de132f6164402ed99f1e	4235911	TSV	STAR - Counts	TCGA-37-4135	1f6b2aca-7357-40d1-ba7a-99227d9900a2	TCGA-37-4135-01A	Primary Tumor		TCGA-37-4135-01A-01R-1100-07
8a88c897-62f2-4079-8029-804f7d782bb7	14fe30e1-ae34-490e-a9bc-16de4e7e240e.rna_seq.augmented_star_gene_counts.tsv	523ecd1c883bc45f676b00c1ebb0a829	4257007	TSV	STAR - Counts	TCGA-85-6175	2e007464-f3f4-4eb2-bab8-91b8272c96d1	TCGA-85-6175-01A	Primary Tumor		TCGA-85-6175-01A-11R-1820-07
28ab7cb4-b27e-407f-b999-b411ecd263c2	c0699d26-3da6-4ade-99b3-d84611d62191.rna_seq.augmented_star_gene_counts.tsv	d5d945e7c9d4a460bece17e976bd0475	4235197	TSV	STAR - Counts	TCGA-94-A4VJ	2e1d5e59-357d-42f3-8898-cc03839cf958	TCGA-94-A4VJ-01A	Primary Tumor		TCGA-94-A4VJ-01A-11R-A24Z-07
61972b59-3834-4f86-b340-ee15b1a530ee	a7f3bb2c-c9ee-45be-b507-b1bd20bfb1e6.rna_seq.augmented_star_gene_counts.tsv	f3b3928a85a0123f279f20fca8978756	4229107	TSV	STAR - Counts	TCGA-56-8201	2f39441b-e69f-488c-b5d0-cbd88447ad60	TCGA-56-8201-01A	Primary Tumor		TCGA-56-8201-01A-11R-2247-07
420632d5-48e3-45f1-8480-3ec4d381ea55	f768c986-b04c-45fe-a0ff-6e7b0f8e4f78.rna_seq.augmented_star_gene_counts.tsv	97e98ebc4b5c52190832d369dc4a653f	4232699	TSV	STAR - Counts	TCGA-56-8201	2f39441b-e69f-488c-b5d0-cbd88447ad60	TCGA-56-8201-11A	Solid Tissue Normal		TCGA-56-8201-11A-01R-2247-07
74efe20f-a90d-4818-b633-9c8a100ce5a8	abf2b5e0-2003-4b5c-95e9-be2b4c4bc135.rna_seq.augmented_star_gene_counts.tsv	6eaa5b3736ac4c49e0e5597b616d1333	4246240	TSV	STAR - Counts	TCGA-39-5029	2f39e89c-a8f7-4df8-a0f5-ef9990c2133c	TCGA-39-5029-01A	Primary Tumor		TCGA-39-5029-01A-01R-1443-07
420d3651-43b4-4345-88dc-8973fb6a40b6	f296ab53-b2c2-4469-a33c-d95821bd6286.rna_seq.augmented_star_gene_counts.tsv	7c0530ef5e29195de1749b689dd292ad	4235711	TSV	STAR - Counts	TCGA-56-8624	2cc8743a-e759-4250-82be-893376933930	TCGA-56-8624-01A	Primary Tumor		TCGA-56-8624-01A-11R-2403-07
4b8994c3-c922-4929-9ffd-eb47a6193a68	df54d228-fd7f-4267-a0ee-5adbf3d81796.rna_seq.augmented_star_gene_counts.tsv	0ca875065de3536bfee342b3a7c98703	4247184	TSV	STAR - Counts	TCGA-96-8170	3602e21d-0c65-43a9-ab8d-95bbf20ceba7	TCGA-96-8170-01A	Primary Tumor		TCGA-96-8170-01A-11R-2296-07
6bdd52ac-51c5-4f43-bf2c-95ee11367727	c5359233-1bc7-4d7d-893a-1114cb6a38ad.rna_seq.augmented_star_gene_counts.tsv	c04ee32d23b06bb3846693bd2fce01d5	4245178	TSV	STAR - Counts	TCGA-68-7755	3666bc65-8e40-409e-9a1f-41583dd6d978	TCGA-68-7755-01A	Primary Tumor		TCGA-68-7755-01A-11R-2125-07
bc59ae84-15d7-4887-9233-9bab673979e1	e38cba45-52c9-413e-86e7-707598d9cf3e.rna_seq.augmented_star_gene_counts.tsv	b10c7ae80e3024e5430b3715b4be21b0	4235376	TSV	STAR - Counts	TCGA-94-8035	3429df57-5aae-41aa-8247-6a2ea935a934	TCGA-94-8035-01A	Primary Tumor		TCGA-94-8035-01A-11R-2247-07
aed4a5df-f3ea-42de-b060-4b2167a3e3fc	17a97909-f89d-46c2-8589-657ee85644cf.rna_seq.augmented_star_gene_counts.tsv	0fe40a8d844ec1be220dbea503e58b95	4264955	TSV	STAR - Counts	TCGA-34-5236	31798d61-fb34-49dc-a20e-091c1a20eb6a	TCGA-34-5236-01A	Primary Tumor		TCGA-34-5236-01A-21R-1820-07
e615e0d2-f715-462a-8132-1318bf79e2b1	022177a1-5c8c-4ef0-9743-34ebc03d6572.rna_seq.augmented_star_gene_counts.tsv	91475f7661d666d99cfc4ec7eed6f061	4230340	TSV	STAR - Counts	TCGA-85-8666	34f7b63b-7a49-4b29-ab72-d880d87fb7b3	TCGA-85-8666-01A	Primary Tumor		TCGA-85-8666-01A-11R-2403-07
8a64b8f7-68e8-49bf-9579-f15fe28b75dc	7d6dff55-eb14-47fa-9e09-c5980dde5f39.rna_seq.augmented_star_gene_counts.tsv	7edf81e3a01e682f5c1d05d7155ac7a4	4222001	TSV	STAR - Counts	TCGA-77-8140	463e921c-ec20-4263-ad24-bdc2d56edb56	TCGA-77-8140-01A	Primary Tumor		TCGA-77-8140-01A-11R-2247-07
fe1c2811-57fa-4cd8-b5ea-305bb45aabb3	b8431ad9-df0f-4d20-b660-410a5cb12821.rna_seq.augmented_star_gene_counts.tsv	0df234d2c2704a3c3cc84f1876962db7	4237014	TSV	STAR - Counts	TCGA-NC-A5HP	4a95ce25-d06a-499d-b7ee-aff5ee94d4f1	TCGA-NC-A5HP-01A	Primary Tumor		TCGA-NC-A5HP-01A-11R-A26W-07
3b850000-76d1-4070-8bed-52add20750d0	4848c180-254b-4b08-977d-872aabfaee29.rna_seq.augmented_star_gene_counts.tsv	7ea75e980ac5839562fb8df572553298	4262313	TSV	STAR - Counts	TCGA-33-4587	46cc3a2b-91c9-4a74-8989-992585634b87	TCGA-33-4587-01A	Primary Tumor		TCGA-33-4587-01A-11R-2125-07
0b91d17d-de8c-495e-b094-e571111b1e03	cabdc79a-8efe-4ddc-a256-854f9265bcda.rna_seq.augmented_star_gene_counts.tsv	7c934a4691f957a4a17b4232265034a3	4249285	TSV	STAR - Counts	TCGA-60-2709	4718e180-c166-4826-b5a1-945f4a56eb16	TCGA-60-2709-01A	Primary Tumor		TCGA-60-2709-01A-21R-1820-07
32c01bbe-737b-41c0-804a-4f620ffae75e	8d35c93e-8403-48a2-92a9-a9cec9ca8349.rna_seq.augmented_star_gene_counts.tsv	00aee084757fa6da0c6e2336a5fd656b	4216741	TSV	STAR - Counts	TCGA-NC-A5HO	42f86ec9-85a0-4015-990c-be445f532197	TCGA-NC-A5HO-01A	Primary Tumor		TCGA-NC-A5HO-01A-11R-A26W-07
17d01bba-1ae8-4205-ae80-2db88489fa84	1391394a-a310-49a6-8c2c-401fb358ea59.rna_seq.augmented_star_gene_counts.tsv	0deba3f723d86239c4d569761313a1d8	4246306	TSV	STAR - Counts	TCGA-22-4609	47cbb242-a356-43ba-95c3-0b0c9ef90fbf	TCGA-22-4609-11A	Solid Tissue Normal		TCGA-22-4609-11A-01R-2125-07
0bfe52ec-dbe3-44e7-8c14-78391445537c	ab2da4c5-955f-4072-8021-6d2a617089db.rna_seq.augmented_star_gene_counts.tsv	c25f834ed1fef29d0daaf18340c5d2ae	4258790	TSV	STAR - Counts	TCGA-77-7141	5144fc75-b89e-47d8-96b4-aadd3f0da4e5	TCGA-77-7141-01A	Primary Tumor		TCGA-77-7141-01A-11R-2045-07
aae8b819-2be3-4985-ae56-5d88b21e6fd4	03f16d3d-545b-4e25-8ed6-d2b2b99cf65f.rna_seq.augmented_star_gene_counts.tsv	762cb146e1b49a604ad79e84e28a0e87	4238558	TSV	STAR - Counts	TCGA-NK-A5CX	5b3cb83b-cfde-42dc-a6ec-0127bd0e6685	TCGA-NK-A5CX-01A	Primary Tumor		TCGA-NK-A5CX-01A-11R-A26W-07
efa06ac0-ad77-4be1-a131-e73033285d7b	df2d0059-e735-4871-96c9-89004db0561a.rna_seq.augmented_star_gene_counts.tsv	e4f6c621f8aba37ee295d92de8ef9207	4241050	TSV	STAR - Counts	TCGA-46-3767	6b0b6fc0-d808-49c3-8f2a-e122bc3142f5	TCGA-46-3767-01A	Primary Tumor		TCGA-46-3767-01A-01R-0980-07
fc958a6c-f283-4047-9450-269e2c99c8ad	e9b6c7e0-9aae-435d-9c1c-b890df3498e3.rna_seq.augmented_star_gene_counts.tsv	8e80bfcfbf0e6f665f0206ad4c428147	4256319	TSV	STAR - Counts	TCGA-37-4141	5d3d3918-7da8-4147-90a3-dc015be1dfbe	TCGA-37-4141-01A	Primary Tumor		TCGA-37-4141-01A-02R-1100-07
8d0521db-a42b-433f-bb74-cbf8df6ba25d	3612019f-c69e-4dc3-b371-972173ae4ed9.rna_seq.augmented_star_gene_counts.tsv	7e72b75214f44fda5f295a49cc722e21	4226771	TSV	STAR - Counts	TCGA-77-8131	6d7803fd-cf8f-43dc-8b2d-fd129cdd2b3d	TCGA-77-8131-01A	Primary Tumor		TCGA-77-8131-01A-11R-2247-07
a9a84990-9ace-401d-989c-5167dd1f5efe	5a915ccc-a963-4609-a7a2-9886a2ca9d26.rna_seq.augmented_star_gene_counts.tsv	f3dac4bc67e40e7359768c3be051064c	4236177	TSV	STAR - Counts	TCGA-90-7769	761d1c28-d5f5-497c-b9a0-86263ec62979	TCGA-90-7769-01A	Primary Tumor		TCGA-90-7769-01A-11R-2125-07
302b01b1-2e13-4e84-b6fa-eb1a0e69b77c	8aeba86d-0636-4577-a47b-1390c3f5e6c4.rna_seq.augmented_star_gene_counts.tsv	d00a20c474c768fa4e6054bbb25414d4	4240502	TSV	STAR - Counts	TCGA-NC-A5HL	77bd82a6-a859-4b8e-accc-c343ce9f4d38	TCGA-NC-A5HL-01A	Primary Tumor		TCGA-NC-A5HL-01A-11R-A26W-07
868f6883-6e7b-4565-ae15-813e282d8635	fe88f537-3f56-4c03-b0d6-96e7a8405e28.rna_seq.augmented_star_gene_counts.tsv	128af125c1c0675ecadef41fe713b9e7	4247121	TSV	STAR - Counts	TCGA-56-7823	7b236171-2e7a-4018-b297-560ea8279ec0	TCGA-56-7823-11A	Solid Tissue Normal		TCGA-56-7823-11A-01R-2247-07
d6e77785-08d1-4b50-b97a-4e927cbb1669	4936e396-7bec-4b5b-936a-029889e5d271.rna_seq.augmented_star_gene_counts.tsv	f4e0cd4b77427fb13bdddf0baf1889c9	4241540	TSV	STAR - Counts	TCGA-33-A4WN	7fa49ecb-74a2-42cb-9bc9-1cbbfdde0d28	TCGA-33-A4WN-01A	Primary Tumor		TCGA-33-A4WN-01A-11R-A262-07
89651118-9b55-44a9-a05f-d1b9cee5271c	83d26edb-c1e0-4de3-aa5c-b22817dddb83.rna_seq.augmented_star_gene_counts.tsv	b820fb723cdbff1e02cc4716f36838f1	4252048	TSV	STAR - Counts	TCGA-34-2596	7d3e77cc-9603-4722-8e39-1912b678871b	TCGA-34-2596-01A	Primary Tumor		TCGA-34-2596-01A-01R-0851-07
021326fa-7b6c-45c0-b078-4646c2260068	97b043a9-8872-4f75-be81-aed7d0bd849d.rna_seq.augmented_star_gene_counts.tsv	847ef91f3552621a994df1289a6fd6e5	4228056	TSV	STAR - Counts	TCGA-56-8304	861d45aa-b15d-4e7e-b751-f55a64c4cac3	TCGA-56-8304-01A	Primary Tumor		TCGA-56-8304-01A-11R-2326-07
5cea4106-64fd-4d00-b978-d5ba676ded7b	41249f0b-c186-4917-8b6a-1eca9647fadc.rna_seq.augmented_star_gene_counts.tsv	37e4b6552dbedb8be1f1cc9961bb185d	4230906	TSV	STAR - Counts	TCGA-39-5030	865a1b5a-6d94-4e06-b5a0-ac11e2221679	TCGA-39-5030-01A	Primary Tumor		TCGA-39-5030-01A-01R-1443-07
28e41191-6834-4284-b960-d898ad7b3a99	e5790b06-5f75-4d44-8e72-3304bf4285fd.rna_seq.augmented_star_gene_counts.tsv	772bfa1489462de262f7e10154e279e9	4254907	TSV	STAR - Counts	TCGA-92-7340	86b165c2-d0e6-4a4f-84ed-aa95e3133627	TCGA-92-7340-11A	Solid Tissue Normal		TCGA-92-7340-11A-01R-2045-07
6590155e-5fe1-460a-8ed3-a4d8516d55b2	f6091416-01d7-45d0-9bec-2a84cfdcc413.rna_seq.augmented_star_gene_counts.tsv	7f3702f93793220d633a710028227266	4245002	TSV	STAR - Counts	TCGA-92-7340	86b165c2-d0e6-4a4f-84ed-aa95e3133627	TCGA-92-7340-01A	Primary Tumor		TCGA-92-7340-01A-21R-2045-07
65f6be62-f7a5-4251-9937-0f46a424822f	c21f3274-ab6e-4272-98db-4d60c1f7c2a6.rna_seq.augmented_star_gene_counts.tsv	91f39e1fe53711135867f689cf11ac41	4265107	TSV	STAR - Counts	TCGA-56-7730	8bb3ed57-6e48-4c90-bcf2-baf9a843398f	TCGA-56-7730-01A	Primary Tumor		TCGA-56-7730-01A-11R-2125-07
8f5bb09d-e15a-4938-aad1-85c1b2d79af9	09bbf500-6e8c-4cb8-bc96-d7c09a43a041.rna_seq.augmented_star_gene_counts.tsv	956ccdfb0ec67ef80d992051de20f9bc	4229099	TSV	STAR - Counts	TCGA-77-8144	86be9147-65f6-43f4-a3e9-5e5f422bd0ff	TCGA-77-8144-01A	Primary Tumor		TCGA-77-8144-01A-11R-2247-07
a63881c9-00b2-4ec2-a190-cc59d9c2d780	df77483a-5756-4f48-87c6-8e45f765bdb7.rna_seq.augmented_star_gene_counts.tsv	5e6a0259e587c04b677b3da8350dfc45	4261945	TSV	STAR - Counts	TCGA-85-6560	870fb708-7631-4578-a470-3c7bd5228e5a	TCGA-85-6560-01A	Primary Tumor		TCGA-85-6560-01A-11R-1820-07
b9719e93-b44f-4eb3-8fe9-14914e643d57	b1840b93-f4c6-4308-bcc4-63da00cd7e8b.rna_seq.augmented_star_gene_counts.tsv	21c293ac9aab9198213b4256e315ce66	4244652	TSV	STAR - Counts	TCGA-77-8009	9ea119ff-e5d9-49ec-b0a2-b21173c48044	TCGA-77-8009-01A	Primary Tumor		TCGA-77-8009-01A-11R-2187-07
bfbe5707-5610-46af-97cd-3fd43dc492de	d86d19a8-0368-4fd1-a8b1-2e793606315e.rna_seq.augmented_star_gene_counts.tsv	fa6f0f86971c4e8fba91034568f51c7c	4243852	TSV	STAR - Counts	TCGA-85-7710	9f55bb37-4211-4e91-88ea-7b1d4f286598	TCGA-85-7710-01A	Primary Tumor		TCGA-85-7710-01A-11R-2125-07
f36f6f42-60d3-49ea-8397-5a9663c54671	485906fe-e6d7-43ec-8ff6-d2dfab544d28.rna_seq.augmented_star_gene_counts.tsv	68a25f24e37c84fce937adf0a43fcb4e	4254995	TSV	STAR - Counts	TCGA-85-7710	9f55bb37-4211-4e91-88ea-7b1d4f286598	TCGA-85-7710-11A	Solid Tissue Normal		TCGA-85-7710-11A-01R-2125-07
3ec3b960-96ef-44d1-8e76-0c54124f24e8	ac25f42b-5fcc-42eb-a3be-4d6d5a3e6d62.rna_seq.augmented_star_gene_counts.tsv	913368876de6b0410b87bd62892b0c63	4247005	TSV	STAR - Counts	TCGA-66-2757	a02932f3-5606-42a5-aee4-e5b9f5aa1aaa	TCGA-66-2757-01A	Primary Tumor		TCGA-66-2757-01A-01R-0851-07
ae6c036e-8e10-498c-90dd-7eba6a20e7a1	efe530d5-b143-468b-a386-bbe052b12213.rna_seq.augmented_star_gene_counts.tsv	130d03df71ead4f2823440faf42edddd	4230263	TSV	STAR - Counts	TCGA-56-8503	ac274a44-de25-4bc6-8699-472576892c62	TCGA-56-8503-01A	Primary Tumor		TCGA-56-8503-01A-11R-2403-07
9d26a39d-2a0e-44d5-b71e-daa141f5bb83	17f3878a-810e-4487-b862-36f848946fdc.rna_seq.augmented_star_gene_counts.tsv	d347d907f3bfab18776073f387c3efef	4234094	TSV	STAR - Counts	TCGA-85-8276	aef2cf2f-2067-4d77-9bbe-0f6801826c31	TCGA-85-8276-01A	Primary Tumor		TCGA-85-8276-01A-11R-2296-07
497349a9-7f70-4dba-8b56-a3c890c3f161	78cee282-02b1-40d2-9acc-668b3f3e7e72.rna_seq.augmented_star_gene_counts.tsv	8a2bf3e56cae8321a35099e774dce4fd	4236881	TSV	STAR - Counts	TCGA-46-3765	ec10dc91-2743-4e0c-af77-2f0105bf6a9e	TCGA-46-3765-01A	Primary Tumor		TCGA-46-3765-01A-01R-0980-07
6e46c824-acbb-4ef1-9b07-f952f89526dc	46dc8d50-6055-4d83-a837-543500f0095d.rna_seq.augmented_star_gene_counts.tsv	7eeefec82d062830167978d8fd324c68	4233530	TSV	STAR - Counts	TCGA-NC-A5HD	f878c2c3-bf50-423b-9703-973efbfc071c	TCGA-NC-A5HD-01A	Primary Tumor		TCGA-NC-A5HD-01A-11R-A26W-07
3bc1adb4-ab96-4a37-8df8-8cf9f8689523	cbd11e4b-dccd-4881-aa6f-9c6bf2c0a213.rna_seq.augmented_star_gene_counts.tsv	224d4a5ec7d5503266a99a7d4c2fd2b8	4248714	TSV	STAR - Counts	TCGA-63-A5M9	f9fa6dfa-9dc5-4ba9-92cf-c821e423183a	TCGA-63-A5M9-01A	Primary Tumor		TCGA-63-A5M9-01A-11R-A26W-07
00810078-a4fc-4e1d-bbdc-e5e0d3080025	7fe52cc9-d15b-49da-b1fe-e5aacf530c36.rna_seq.augmented_star_gene_counts.tsv	91079ea800a70ba816381da847a58d42	4239022	TSV	STAR - Counts	TCGA-85-8049	f43b511b-93d1-4a6e-ab17-e84448a084b2	TCGA-85-8049-01A	Primary Tumor		TCGA-85-8049-01A-11R-2247-07
6babd1cf-b5e2-4a88-bcfa-b1a2da49f768	edcec9e8-6543-45e3-a084-0ad60883f24b.rna_seq.augmented_star_gene_counts.tsv	f34faa59a55650af21f4d89cb1e3c966	4246039	TSV	STAR - Counts	TCGA-37-3789	fd881d58-c9c7-479b-b76b-1f3c2ab1b015	TCGA-37-3789-01A	Primary Tumor		TCGA-37-3789-01A-01R-0980-07
31f0e985-d875-442e-bb0d-842cac9e617f	5ae50fc0-395d-4286-94db-fbbb542f3fc9.rna_seq.augmented_star_gene_counts.tsv	96f3002c768bf6d84b651e5f20780593	4245832	TSV	STAR - Counts	TCGA-56-A4BX	fd8a7339-cf34-4b91-bfc4-53ce60ffd737	TCGA-56-A4BX-01A	Primary Tumor		TCGA-56-A4BX-01A-11R-A24H-07
5cdfbd13-9630-48a5-9f3e-6b17658e877a	1f4829fb-ebb8-4ff3-9c44-dd503258c54d.rna_seq.augmented_star_gene_counts.tsv	fcf576cd7a49a8bec5c9ec2db5dba177	4240447	TSV	STAR - Counts	TCGA-21-1075	fde60f9f-5cff-405e-b0f6-e193195ebd53	TCGA-21-1075-01A	Primary Tumor		TCGA-21-1075-01A-01R-0692-07
7ffac92b-a35c-4283-882c-806a2e28a963	fb33a839-4c31-41f3-964e-fb3befcbc0cd.rna_seq.augmented_star_gene_counts.tsv	a8de8b47355638b87f0c33e5050be4a8	4277744	TSV	STAR - Counts	TCGA-51-4079	2f586b38-5be6-4ffa-8a0f-c870fdf3dad3	TCGA-51-4079-11A	Solid Tissue Normal		TCGA-51-4079-11A-01R-1758-07
fb5fc040-9f48-4eb6-89b3-9c0407222201	ca2b737e-2db0-4e74-baee-c0d40ff76382.rna_seq.augmented_star_gene_counts.tsv	fba6eaf44ea395b5fd68f1bb47f242b8	4220722	TSV	STAR - Counts	TCGA-22-4613	2c8877f9-ee7f-4216-97ad-d2939a13daa4	TCGA-22-4613-01A	Primary Tumor		TCGA-22-4613-01A-01R-1443-07
2acf1776-9f3a-4fa4-a983-8ab127123434	cb34d915-1b13-4c29-ac2b-743ea3ea78ec.rna_seq.augmented_star_gene_counts.tsv	c02081b9524a8a4ae6f2ebf1c5127fd2	4245058	TSV	STAR - Counts	TCGA-37-3792	4a81f496-bf8e-43e8-8332-9aaef09f485f	TCGA-37-3792-01A	Primary Tumor		TCGA-37-3792-01A-01R-0980-07
ca8f1add-4462-4cc3-9c26-f245bbac303b	3816bf59-c375-4158-bc24-ad8748f9488e.rna_seq.augmented_star_gene_counts.tsv	ccb50b26ea309ca64109f26103cba556	4250474	TSV	STAR - Counts	TCGA-37-4129	95c4c851-6ca3-4416-90ed-73f46f211583	TCGA-37-4129-01A	Primary Tumor		TCGA-37-4129-01A-01R-1100-07
d305b0b8-efa5-40f9-b4f9-7ff6557c3674	13ca4dfb-6bef-429f-9658-296bbdc1beb8.rna_seq.augmented_star_gene_counts.tsv	bda018e267f144b915af0a513806df49	4239452	TSV	STAR - Counts	TCGA-77-8128	af008b10-38c1-40f2-a924-66c554813c50	TCGA-77-8128-01A	Primary Tumor		TCGA-77-8128-01A-11R-2247-07
01977422-7f46-41d2-bc19-ed0093af8f25	4530f311-bd26-406c-a977-e62ad5cb5b31.rna_seq.augmented_star_gene_counts.tsv	6eb48fbab885ed38abbfff216057fdb8	4243752	TSV	STAR - Counts	TCGA-39-5016	17919a6e-3106-49fa-9fea-8f06c595d617	TCGA-39-5016-01A	Primary Tumor		TCGA-39-5016-01A-01R-1443-07
f46bcec5-9dfe-4c91-a789-5e3c6bf878db	ce8c79f1-aebf-4824-aa7a-5eb528c7015a.rna_seq.augmented_star_gene_counts.tsv	b47105106b48e6870c347a2f4eb29e26	4249198	TSV	STAR - Counts	TCGA-66-2786	a9d7adec-3849-40e2-a2a2-f43443ec43bb	TCGA-66-2786-01A	Primary Tumor		TCGA-66-2786-01A-01R-0851-07
cd03b494-38bf-4b7d-86a5-672acd7d0125	2fabdcab-7464-43ed-9cba-0f79b3bb66dc.rna_seq.augmented_star_gene_counts.tsv	f90d3c18ef20a41d369042d985d1bd31	4242044	TSV	STAR - Counts	TCGA-60-2722	6fd72426-f6c8-47ca-a500-d5d3600b9b15	TCGA-60-2722-01A	Primary Tumor		TCGA-60-2722-01A-01R-0851-07
259941ae-c443-488b-b815-536b7f0d9efd	dc74aff8-2025-4124-8e76-22228174ac5d.rna_seq.augmented_star_gene_counts.tsv	31233cc377f0729846b7604a93c45a4a	4235804	TSV	STAR - Counts	TCGA-56-A4BW	b838706d-01e9-45aa-869d-a94168773bcd	TCGA-56-A4BW-01A	Primary Tumor		TCGA-56-A4BW-01A-11R-A24H-07
5fb9c871-c521-4253-ab5e-135d23b8230a	6bd8c4ec-61c9-426a-8ad1-8becd5d8cdc9.rna_seq.augmented_star_gene_counts.tsv	6e52f0391d939ff255eecfcf6f474289	4231384	TSV	STAR - Counts	TCGA-37-3783	8a235eb8-d67d-49fe-a473-1777eb7e7c60	TCGA-37-3783-01A	Primary Tumor		TCGA-37-3783-01A-01R-1201-07
9a535718-1719-4f78-a2fd-8cacd335efe8	d2de525f-e7d6-41d8-9706-f1746c9706d4.rna_seq.augmented_star_gene_counts.tsv	06071aa6c3b78b35090ea96650f269eb	4242860	TSV	STAR - Counts	TCGA-21-1071	d87e30a3-1b5a-41cf-bafe-27914a01c8d9	TCGA-21-1071-01A	Primary Tumor		TCGA-21-1071-01A-01R-0692-07
fa688f22-0772-4994-b019-0f3e23b3bf12	079b5158-da4f-4da0-a9fd-dc54e52ba307.rna_seq.augmented_star_gene_counts.tsv	7f7568abfe39e30947698f9930a692b2	4202259	TSV	STAR - Counts	TCGA-33-4566	fad202a4-11f2-467c-8311-aca60cecf16b	TCGA-33-4566-01A	Primary Tumor		TCGA-33-4566-01A-01R-1443-07
9a67ded0-92b0-48a4-bed8-43f944ff2acd	0a8cfb56-ee6e-4cef-b35f-38c3bdf21817.rna_seq.augmented_star_gene_counts.tsv	16276c98b26d8a40134c627afa5c0bd6	4259883	TSV	STAR - Counts	TCGA-39-5022	9eb9e06f-bdfd-47f0-b5be-472a1e276f2c	TCGA-39-5022-01A	Primary Tumor		TCGA-39-5022-01A-21R-1820-07
efcf7073-faf4-4965-9e86-49b44788620e	b179ba6e-42d8-4133-90a2-291ae8f19569.rna_seq.augmented_star_gene_counts.tsv	a0e38f76d00b6aada3575096c0fb1473	4241032	TSV	STAR - Counts	TCGA-43-2581	ad112acb-d241-48a0-8e48-d69cdc3feba8	TCGA-43-2581-01A	Primary Tumor		TCGA-43-2581-01A-01R-0851-07
cb658a1b-527a-4b66-b067-15da400f4b75	a56eda92-fe42-4f19-b5e0-6eb53fec92b5.rna_seq.augmented_star_gene_counts.tsv	b7cf65b4d757751cab28e5f5442f829f	4224030	TSV	STAR - Counts	TCGA-34-A5IX	4eaf5d63-9b33-4c7f-871e-45daa735f972	TCGA-34-A5IX-01A	Primary Tumor		TCGA-34-A5IX-01A-12R-A27Q-07
edc9bf50-9542-433d-af38-283b4e77f17b	43c3a739-d8ba-42ef-b385-927a5f587d7b.rna_seq.augmented_star_gene_counts.tsv	f25864eb3feab734243830326dba2ffa	4245537	TSV	STAR - Counts	TCGA-66-2734	12bd70f5-2542-48cb-b296-ae9241b38f7f	TCGA-66-2734-01A	Primary Tumor		TCGA-66-2734-01A-01R-0980-07
456f3881-1c66-432a-87b1-9e8a967088b7	cc6afa2d-449a-46eb-b532-2571ab63838d.rna_seq.augmented_star_gene_counts.tsv	bd4cfdebdd7938be36ed05561858902b	4228027	TSV	STAR - Counts	TCGA-60-2703	ca191cb3-1a0b-4192-860f-2fde7f9b2105	TCGA-60-2703-01A	Primary Tumor		TCGA-60-2703-01A-11R-2045-07
c9dd0b68-5c32-4686-b1e7-535e7040a5aa	778964ec-c580-4252-8ec6-690161698cd3.rna_seq.augmented_star_gene_counts.tsv	4f5e0ac25a1c3ba96617053abee65691	4240023	TSV	STAR - Counts	TCGA-43-A56U	4d6b5b30-0dea-4745-bc46-34ebd98f7418	TCGA-43-A56U-01A	Primary Tumor		TCGA-43-A56U-01A-11R-A26W-07
69b1be88-cae1-4715-be96-a7cd684aa38d	5be00410-2c68-4327-a196-656f4e388d10.rna_seq.augmented_star_gene_counts.tsv	5be1e9d5b98db99a476a1905efb9f7c0	4241624	TSV	STAR - Counts	TCGA-39-5037	02eb85cc-a597-4eaa-9614-c94c0f035929	TCGA-39-5037-01A	Primary Tumor		TCGA-39-5037-01A-01R-1443-07
9c89501c-973f-4476-9553-5b72646849af	6d01027b-16e7-4227-bc8c-955678a3313b.rna_seq.augmented_star_gene_counts.tsv	7408a800f45da03fee3ea88fba93a960	4241614	TSV	STAR - Counts	TCGA-33-AASB	26556020-3daf-4b8b-a3de-c0532c96aca0	TCGA-33-AASB-01A	Primary Tumor		TCGA-33-AASB-01A-11R-A405-07
c64da734-41f3-4863-90a8-dc9871b7ae02	441b25ca-6ee0-4404-961a-be70c12546a8.rna_seq.augmented_star_gene_counts.tsv	3dd8e017e75c45432c6a04b7c8fbc2e5	4244645	TSV	STAR - Counts	TCGA-66-2773	791f1b21-695e-4db1-b41d-80590c09d257	TCGA-66-2773-01A	Primary Tumor		TCGA-66-2773-01A-01R-1201-07
dfb6070a-cc20-441d-baaa-7327d6871b2b	43a4d171-846d-49e9-9e61-ce57f83c8bea.rna_seq.augmented_star_gene_counts.tsv	c6890acd1727e38536e7872a05b09f5c	4250377	TSV	STAR - Counts	TCGA-98-A53B	e88eb552-addc-4030-9c54-4bf7d381a703	TCGA-98-A53B-01A	Primary Tumor		TCGA-98-A53B-01A-11R-A262-07
fd22fbac-3add-4e12-8bba-49f42e0bb39a	01d30473-7c6c-43ea-adf9-777c37917f88.rna_seq.augmented_star_gene_counts.tsv	61b9f0902e01c1706661368ec680f6f2	4242019	TSV	STAR - Counts	TCGA-O2-A52N	0df0d6b6-66aa-4e76-8675-aa93787b93e3	TCGA-O2-A52N-01A	Primary Tumor		TCGA-O2-A52N-01A-11R-A26W-07
6bbb0bd0-944b-40bb-bae6-a1b9b0bf63bb	ab3552b7-c181-483d-9fb9-7ffaadbed469.rna_seq.augmented_star_gene_counts.tsv	58761036239a47c500953ff83a3c5ea1	4251594	TSV	STAR - Counts	TCGA-85-7843	01417822-b608-4934-8fe0-594315212be5	TCGA-85-7843-01A	Primary Tumor		TCGA-85-7843-01A-11R-2125-07
550ec5d4-6618-4882-a783-be48163b6c30	4bd3c03d-fcde-414c-b2b4-06041c4070a2.rna_seq.augmented_star_gene_counts.tsv	edabd6b43aad5f67afb0a4c89032797e	4235043	TSV	STAR - Counts	TCGA-58-8386	14313474-376f-4606-9ed9-25ed2acff411	TCGA-58-8386-11A	Solid Tissue Normal		TCGA-58-8386-11A-01R-2296-07
2d135613-d5e9-41c8-af31-8c6ffe073f58	96403ed2-56f1-4400-9b71-38364e579bae.rna_seq.augmented_star_gene_counts.tsv	17ee7391b92abf548cc1c707ce30cba3	4242245	TSV	STAR - Counts	TCGA-58-8393	14b159f8-c31b-4e2a-a76d-fe32026e85bb	TCGA-58-8393-01A	Primary Tumor		TCGA-58-8393-01A-11R-2326-07
b5feeedd-4ceb-427e-af82-dc206f05c68b	0b4c9b3f-fb3b-459e-a434-51a3081c8646.rna_seq.augmented_star_gene_counts.tsv	77a32676aadf65414f889b01254223d3	4253579	TSV	STAR - Counts	TCGA-66-2767	174cdc32-e94a-4829-b6b7-df560de55be2	TCGA-66-2767-01A	Primary Tumor		TCGA-66-2767-01A-01R-0851-07
404d7866-9cac-48fa-86e4-7215cad5cf27	0d3cfbc0-4420-48ed-a459-2e18d2ece5b6.rna_seq.augmented_star_gene_counts.tsv	ec9a019890e1efb361891b66a71e3780	4235997	TSV	STAR - Counts	TCGA-33-4582	0d3c11b5-856e-4d41-b94a-b2e32f9c5792	TCGA-33-4582-01A	Primary Tumor		TCGA-33-4582-01A-01R-1443-07
88072165-d1e1-4336-98e9-87188c8acc9b	f16c296f-5678-4d02-80fe-1c328ae733fb.rna_seq.augmented_star_gene_counts.tsv	a82d87b5cfa87ef839efcdfb4aa798e4	4245850	TSV	STAR - Counts	TCGA-56-8628	20d3e9b8-c399-46d2-8367-c4e228cea17c	TCGA-56-8628-01A	Primary Tumor		TCGA-56-8628-01A-11R-2403-07
e79e25d8-4578-4e37-a740-91fba48ef40a	4fc6b327-7b6c-4c17-b15e-7db7bba1565a.rna_seq.augmented_star_gene_counts.tsv	34b920060e21039562836c8e56943e9a	4240915	TSV	STAR - Counts	TCGA-56-A49D	1aeabf26-ac51-4173-ab8b-5d439ceca9f4	TCGA-56-A49D-01A	Primary Tumor		TCGA-56-A49D-01A-11R-A24H-07
304d1243-0103-4bf7-919a-5bef507adb93	c4c5dca2-17d4-4bd2-ada9-f1c389182fed.rna_seq.augmented_star_gene_counts.tsv	b7383335d5ec0fc9b303043bacdd1c74	4244894	TSV	STAR - Counts	TCGA-85-A4JB	264b3066-b77b-4375-9847-adcf22dbc438	TCGA-85-A4JB-01A	Primary Tumor		TCGA-85-A4JB-01A-51R-A262-07
3aa53aa2-97cd-43a8-b7b1-09f0bf6381dd	db34e8d7-edf2-4fb2-a261-75cf0a84e506.rna_seq.augmented_star_gene_counts.tsv	9f40f1ccf891b64be94b4ac658d844fb	4243581	TSV	STAR - Counts	TCGA-22-4607	2e7cd434-0440-47a2-bc59-8805b8324ec4	TCGA-22-4607-01A	Primary Tumor		TCGA-22-4607-01A-01R-1201-07
df540788-5785-41f3-a43e-398aa9067664	776ed666-ea2e-4bfc-8304-6ed47efd2a73.rna_seq.augmented_star_gene_counts.tsv	187aac40cb2dbe9d513769056773d8a8	4238625	TSV	STAR - Counts	TCGA-63-7023	31d8591b-9d80-406c-b61a-7a6544c73466	TCGA-63-7023-01A	Primary Tumor		TCGA-63-7023-01A-11R-1949-07
1a8fa56b-deaf-48ac-958c-46b5c86cdb80	7cb4456f-ceb8-4251-93a5-5e4af32c3809.rna_seq.augmented_star_gene_counts.tsv	b455e7e98e776020dc58548e8cd5441e	4229427	TSV	STAR - Counts	TCGA-60-2720	337e77b3-7f58-4f92-96a4-c764b1ebfa56	TCGA-60-2720-01A	Primary Tumor		TCGA-60-2720-01A-01R-0851-07
e3a36a1b-fa5d-41e6-a84c-bf9e1ffa99c1	76b071e3-2bd0-4dde-9905-439237bffccd.rna_seq.augmented_star_gene_counts.tsv	cad094847ec69a8cac90f235f73ccea6	4258546	TSV	STAR - Counts	TCGA-63-A5MW	34ac236d-942b-4b82-885f-26f174dbc29e	TCGA-63-A5MW-01A	Primary Tumor		TCGA-63-A5MW-01A-11R-A26W-07
d1f98c65-fd27-4893-a5c5-bc0bfe16ac5f	78145782-375d-448b-b2ac-d3ae06f3ccbc.rna_seq.augmented_star_gene_counts.tsv	42a1be174ded301fdfac3c5d41215a68	4244360	TSV	STAR - Counts	TCGA-56-7222	3768cf73-e389-449a-bde3-29eb20c9e249	TCGA-56-7222-11A	Solid Tissue Normal		TCGA-56-7222-11A-01R-2045-07
f1478f8b-01d7-42a4-853f-d27bf3199cd6	084a06de-7229-43c3-b2de-95ad57768010.rna_seq.augmented_star_gene_counts.tsv	1122c40dd2964f2c2695fee248a3eb02	4239877	TSV	STAR - Counts	TCGA-56-7222	3768cf73-e389-449a-bde3-29eb20c9e249	TCGA-56-7222-01A	Primary Tumor		TCGA-56-7222-01A-11R-2045-07
808d3c9f-b9df-4b77-8a42-fbb82786d282	35003294-55e8-4fb5-bdd4-ac8207cf2998.rna_seq.augmented_star_gene_counts.tsv	ad6146fb844911d96efcf2a4a1f2f3e9	4258324	TSV	STAR - Counts	TCGA-52-7622	3a756d00-b24a-4646-ae1a-587bd141fc05	TCGA-52-7622-01A	Primary Tumor		TCGA-52-7622-01A-11R-2125-07
ecfc7942-e9ba-44ca-a219-9ba06b28b570	dfd3b8d9-0860-4eed-869c-e9eaea60ebad.rna_seq.augmented_star_gene_counts.tsv	f29b1b914fc258133ed37ab214d84234	4250803	TSV	STAR - Counts	TCGA-77-8008	43ea8913-abfe-495d-a909-d57da13d1a27	TCGA-77-8008-11A	Solid Tissue Normal		TCGA-77-8008-11A-01R-2187-07
2ee0c587-0e64-4d06-8e16-5dc009175c54	2804064e-6c91-4300-a2e6-78c3093413e0.rna_seq.augmented_star_gene_counts.tsv	d461be34fbb61cf6b585cdb5557c0f9d	4238321	TSV	STAR - Counts	TCGA-77-7142	37a0ab12-44af-4815-b7cc-961d44851470	TCGA-77-7142-11A	Solid Tissue Normal		TCGA-77-7142-11A-01R-2045-07
fd2c6ba0-66fc-4406-aaf3-ef151682de0b	f13e95d9-dca8-4a22-ab0e-1d01e69a995f.rna_seq.augmented_star_gene_counts.tsv	c691dedadeb3bde97e590b263d211859	4244677	TSV	STAR - Counts	TCGA-58-8392	45aa07c3-cea4-456e-8000-b4572a2163a8	TCGA-58-8392-01A	Primary Tumor		TCGA-58-8392-01A-11R-2326-07
d732f454-65c9-43ad-9dcb-584b47fa4ae5	4632e964-270b-4ff4-9d94-38837d8b92da.rna_seq.augmented_star_gene_counts.tsv	b47d80d968b5973741331b21ced70cd6	4246506	TSV	STAR - Counts	TCGA-66-2792	40dc2edc-4bde-441d-8fc5-8ce1bd42f267	TCGA-66-2792-01A	Primary Tumor		TCGA-66-2792-01A-01R-0980-07
14e565dd-f3cd-4d99-9d11-d7b9b5165ea1	e904bf9c-0004-44eb-aaa7-1928ed466a18.rna_seq.augmented_star_gene_counts.tsv	2832e5d22f32a772000718f24093f09b	4240670	TSV	STAR - Counts	TCGA-33-4587	46cc3a2b-91c9-4a74-8989-992585634b87	TCGA-33-4587-11A	Solid Tissue Normal		TCGA-33-4587-11A-01R-2125-07
e177e706-936f-4fba-be45-ba53ca518daf	c3ae35b4-dbf4-46b4-8743-ef7291bbf56a.rna_seq.augmented_star_gene_counts.tsv	06d21722afcd1500ec9c73bbb2a594e4	4238112	TSV	STAR - Counts	TCGA-63-A5MH	51f0b1cb-4315-4acd-a9c1-5353e0ff9d46	TCGA-63-A5MH-01A	Primary Tumor		TCGA-63-A5MH-01A-12R-A27Q-07
2e4e9e9d-5d02-4fa1-95a4-774f7c963652	b30a2d76-0fbd-4ef6-9358-ecff487a453e.rna_seq.augmented_star_gene_counts.tsv	476007945b82225ec1158e92192749cf	4244061	TSV	STAR - Counts	TCGA-18-4086	4c806d29-1674-4542-9f30-5c9a0fc184c4	TCGA-18-4086-01A	Primary Tumor		TCGA-18-4086-01A-01R-1100-07
5fc2465c-ea55-4197-87d2-a3822c8164ef	e2a7e12b-a940-4031-ad7f-a02cbb2a338f.rna_seq.augmented_star_gene_counts.tsv	02bbc1643b0264ab8a65dd602d383a55	4231868	TSV	STAR - Counts	TCGA-85-8584	52924e27-7b36-4e25-83b2-abc51dd72668	TCGA-85-8584-01A	Primary Tumor		TCGA-85-8584-01A-11R-2403-07
26085902-2521-4343-96f0-139a065445f4	c57847cd-6946-41ee-9c54-4bb766b42f12.rna_seq.augmented_star_gene_counts.tsv	f8fcdf603ad968183e38624c263e8345	4230084	TSV	STAR - Counts	TCGA-85-A4JC	4cdac0cf-6598-4d33-92e6-730fbdc88a61	TCGA-85-A4JC-01A	Primary Tumor		TCGA-85-A4JC-01A-11R-A24Z-07
7097d905-c693-4de3-bed7-0d3fdbbe3b37	54dfc3dc-4b60-4e85-ae78-0e1c2b14abeb.rna_seq.augmented_star_gene_counts.tsv	bc780ab7aa0da416964d7888bf9d13b3	4227809	TSV	STAR - Counts	TCGA-77-8154	569691a3-15b4-4b1c-b8b7-b3ad17d0996e	TCGA-77-8154-01A	Primary Tumor		TCGA-77-8154-01A-11R-2247-07
be7b80c8-2256-4725-a330-7435742aa309	357675a4-084d-4e8f-bda9-4b97b40d86ba.rna_seq.augmented_star_gene_counts.tsv	32123585244fd0bbdca212bbff890a97	4244750	TSV	STAR - Counts	TCGA-22-5491	4cdeafe4-a6db-498f-a019-6e3a9dc35b2f	TCGA-22-5491-11A	Solid Tissue Normal		TCGA-22-5491-11A-01R-1858-07
e95d92be-5170-46c5-884b-f88195d549ed	6df808d4-b660-463e-ab2d-cc31f173fce8.rna_seq.augmented_star_gene_counts.tsv	4b751a04a7180923a77d75172c72dc94	4214627	TSV	STAR - Counts	TCGA-77-8146	636d0804-8a63-4bd0-86b4-dc1dc71da8b7	TCGA-77-8146-01A	Primary Tumor		TCGA-77-8146-01A-11R-2247-07
95f2d1a0-0e60-43f6-85c2-359c1436aa20	0f6f7201-0e1c-4243-9911-7f34eb70cc45.rna_seq.augmented_star_gene_counts.tsv	3f0f426d34d99441103ba61a9f89d4b8	4244693	TSV	STAR - Counts	TCGA-21-1072	6394fe4a-6034-4c79-b28f-aa43e3753730	TCGA-21-1072-01A	Primary Tumor		TCGA-21-1072-01A-01R-0692-07
b8497310-afb9-4e44-b643-24ca1e30b858	2d36e0de-e943-4569-9411-a8f770883550.rna_seq.augmented_star_gene_counts.tsv	15f23ec1127edc87da890625d1c955bd	4243701	TSV	STAR - Counts	TCGA-NC-A5HF	5b6c3188-5d33-4473-bdd4-0cb9671e9047	TCGA-NC-A5HF-01A	Primary Tumor		TCGA-NC-A5HF-01A-11R-A26W-07
dbb92362-c980-4746-b109-755c49db7be2	d19b1a80-9df4-48ab-8325-6daa140a35ab.rna_seq.augmented_star_gene_counts.tsv	cd4c316164c9a5f8b1f1c16ee51242e4	4245318	TSV	STAR - Counts	TCGA-77-6842	64925b54-c354-4290-a5c4-117fcdbf1ebb	TCGA-77-6842-01A	Primary Tumor		TCGA-77-6842-01A-11R-1949-07
9cbc81e9-686a-4178-9b36-fa90df8627cb	427b83ae-476d-4cf7-826d-69e4baa277e8.rna_seq.augmented_star_gene_counts.tsv	61bd2792d6a35ca063769e0691672cf1	4249179	TSV	STAR - Counts	TCGA-37-5819	6eae9623-b4f2-440c-8283-46c7016f953a	TCGA-37-5819-01A	Primary Tumor		TCGA-37-5819-01A-01R-1635-07
e2445ad6-2a6a-4ec3-84d8-93cc3c180a58	498f8ac7-6645-45b1-8b58-d450c838eae2.rna_seq.augmented_star_gene_counts.tsv	df78b10686166e28b8e172b5a031df16	4233437	TSV	STAR - Counts	TCGA-22-1012	6ab57144-16ea-4844-b737-e726787d23b9	TCGA-22-1012-01A	Primary Tumor		TCGA-22-1012-01A-01R-0692-07
dc26c8dc-9cb5-489f-9138-f748faa3b3f5	7d4a0fea-feea-493a-ba6e-e78d99ee0590.rna_seq.augmented_star_gene_counts.tsv	244156cae2337d4346c7a4c0449dd37e	4248174	TSV	STAR - Counts	TCGA-56-A62T	76618cf5-f6e0-46ef-a1c0-acc0ad9fdccb	TCGA-56-A62T-01A	Primary Tumor		TCGA-56-A62T-01A-11R-A405-07
614cd2d9-e7f9-4247-a38f-f4ac8fd3b484	01c2d483-14b3-4a2e-b31c-c9b18cf68059.rna_seq.augmented_star_gene_counts.tsv	045f66391cd57904e7d6a323a41cdc8d	4238679	TSV	STAR - Counts	TCGA-94-8490	74c4b266-a08d-4882-b96e-28d2a4db0a9b	TCGA-94-8490-01A	Primary Tumor		TCGA-94-8490-01A-11R-2326-07
147111bd-92d8-4ec5-aa9d-66a27dab8d4a	c0d8873d-6669-4129-98d0-8b17d8c330d1.rna_seq.augmented_star_gene_counts.tsv	eda448955a27095a3a7de6a2691bbe46	4246957	TSV	STAR - Counts	TCGA-60-2716	7e691df8-8ea6-472c-86bf-504c7ba6983d	TCGA-60-2716-01A	Primary Tumor		TCGA-60-2716-01A-01R-0851-07
4bf7a91f-c267-470c-9df1-084aa8637ffe	d13be6e3-c9a9-4ff9-b5fa-6f2aac42dbce.rna_seq.augmented_star_gene_counts.tsv	59d580a143e774cc4d3dec6a9a61234c	4224779	TSV	STAR - Counts	TCGA-56-7823	7b236171-2e7a-4018-b297-560ea8279ec0	TCGA-56-7823-01B	Primary Tumor		TCGA-56-7823-01B-11R-2247-07
056fd446-19f7-4d9f-975b-ca8d2c2e944a	ecee2642-e793-457d-a325-320a785c917c.rna_seq.augmented_star_gene_counts.tsv	3de5e34c29dcc4e1b0da594a9f9be3ea	4246549	TSV	STAR - Counts	TCGA-43-5670	7d905f8f-3967-4ea8-96c8-17b1b03fbec3	TCGA-43-5670-01A	Primary Tumor		TCGA-43-5670-01A-21R-2125-07
966cba2c-ca26-4861-8ed6-d6682511000a	37926dd6-7398-47e4-b62e-d673ec619ea9.rna_seq.augmented_star_gene_counts.tsv	32ac82f49b29d73edcf43ab312c0f571	4236589	TSV	STAR - Counts	TCGA-90-A59Q	80242454-84b3-4fba-a64b-7d1714cdecde	TCGA-90-A59Q-01A	Primary Tumor		TCGA-90-A59Q-01A-11R-A26W-07
c5cdf98d-fb4e-4869-9e86-259a497b904e	9f051fa2-2cc7-433a-b8b4-5829a51e9a65.rna_seq.augmented_star_gene_counts.tsv	05cf6d618e96ffda31b58e7d916c6e57	4235653	TSV	STAR - Counts	TCGA-66-2794	8d20352a-6180-40d0-adc0-c87fef854dfa	TCGA-66-2794-01A	Primary Tumor		TCGA-66-2794-01A-01R-1201-07
2973cb07-6eeb-4df1-82da-2f4b3793c834	3d03e0bf-88fd-48a0-995c-4f9b7703b981.rna_seq.augmented_star_gene_counts.tsv	a6d05f975d758caaf12376f2507b39c3	4236470	TSV	STAR - Counts	TCGA-O2-A52Q	94c795d3-e8f9-4d0f-8071-adc08a37f6fc	TCGA-O2-A52Q-01A	Primary Tumor		TCGA-O2-A52Q-01A-11R-A26W-07
5ae6a0f5-4613-450d-8be0-9a126f4eea1f	2dab1294-36b0-438c-8dda-b97e17f03eed.rna_seq.augmented_star_gene_counts.tsv	d2021e68409bec5adb100dd72a4a221b	4232193	TSV	STAR - Counts	TCGA-33-A5GW	8d32bea5-51ef-4ab0-83ae-1de31e7d4b43	TCGA-33-A5GW-01A	Primary Tumor		TCGA-33-A5GW-01A-11R-A27Q-07
cbdb3461-117e-47e5-949b-858e21b4681f	3584a182-0850-4df8-a0f2-f159a43330dc.rna_seq.augmented_star_gene_counts.tsv	85dc90789058d9e0d7146ed156d06f90	4240079	TSV	STAR - Counts	TCGA-85-8048	90648a49-997b-418c-9724-bd1d216eb861	TCGA-85-8048-01A	Primary Tumor		TCGA-85-8048-01A-11R-2247-07
26b89c7e-5fef-470d-a906-e383065b7a04	576e6d35-680d-46c3-bfc6-1ec3121da777.rna_seq.augmented_star_gene_counts.tsv	f81f1a166d4f5958c6b3f1aa6fef2039	4249877	TSV	STAR - Counts	TCGA-66-2782	90b02be3-5496-40a2-8c6e-460d2898aadb	TCGA-66-2782-01A	Primary Tumor		TCGA-66-2782-01A-01R-0851-07
6856eeab-2013-4450-a936-fd647bde89ae	8b932b5b-fbbe-4c7b-aa17-4f243468ef4b.rna_seq.augmented_star_gene_counts.tsv	d29207a64c3eb45d5cddf71ec72afe8f	4255351	TSV	STAR - Counts	TCGA-85-7698	9a13a742-ff9a-4432-a7ce-7fcbb753be01	TCGA-85-7698-01A	Primary Tumor		TCGA-85-7698-01A-11R-2125-07
f9cd1c16-3be3-415c-8d7b-9249c3b1c7fa	1a4e4c95-9614-445d-bc02-e0855ccbde11.rna_seq.augmented_star_gene_counts.tsv	1c6c53e29bd55bc3ca7f8d0e55ca8ca9	4242841	TSV	STAR - Counts	TCGA-66-2766	b913d254-8307-4b8a-8313-d978e32bb38f	TCGA-66-2766-01A	Primary Tumor		TCGA-66-2766-01A-01R-0851-07
253c29f2-5477-44ae-9aec-eff82b3a977b	d1260fd0-0029-4949-a411-5786341e0c6b.rna_seq.augmented_star_gene_counts.tsv	cb550fd57a21912bce7bded9e1695487	4250392	TSV	STAR - Counts	TCGA-37-A5EL	aecd6689-f203-4519-afab-3f46ee9d3e2c	TCGA-37-A5EL-01A	Primary Tumor		TCGA-37-A5EL-01A-11R-A26W-07
0570d9f9-d665-408c-b30b-66212ddaf838	f8609415-9d7c-4903-a088-1852f68fc971.rna_seq.augmented_star_gene_counts.tsv	699c4618eb1d812a25dddc0d1cd80109	4230928	TSV	STAR - Counts	TCGA-33-AASI	55bafaad-323b-4b92-813e-52d18d70fc3e	TCGA-33-AASI-01A	Primary Tumor		TCGA-33-AASI-01A-22R-A405-07
1df39a00-527b-4218-8925-59420089415f	272c5ded-ff44-4c38-8461-c9fa8089799b.rna_seq.augmented_star_gene_counts.tsv	8e50697619bfbf23c86fc0f1389129ea	4236864	TSV	STAR - Counts	TCGA-NC-A5HR	169b32f1-4371-464c-ac94-22b7d7389403	TCGA-NC-A5HR-01A	Primary Tumor		TCGA-NC-A5HR-01A-21R-A26W-07
be995b73-a465-40c5-82fd-4ef0f8dcce28	8fc6eee8-3ec1-4f6c-a07b-f539ef9cad39.rna_seq.augmented_star_gene_counts.tsv	a86b7abfec690268ef8a228228362537	4251851	TSV	STAR - Counts	TCGA-66-2768	d3f8c35d-5197-43fa-a243-2baf9c44cf74	TCGA-66-2768-01A	Primary Tumor		TCGA-66-2768-01A-01R-0851-07
e890955f-3a56-4ce0-a744-747b49c5b4cb	56b5f041-5a1b-4823-ad3b-c7f80e9d8f20.rna_seq.augmented_star_gene_counts.tsv	4954e5e56f4e7ddab8bd5621c6262906	4244807	TSV	STAR - Counts	TCGA-66-2800	4fbf2497-0774-4599-8c90-1961612b8e3a	TCGA-66-2800-01A	Primary Tumor		TCGA-66-2800-01A-01R-1201-07
63853c66-8004-4205-8c0c-9b92d02f7ea1	524c80cb-45a4-4217-b9ca-921fbbe45510.rna_seq.augmented_star_gene_counts.tsv	097f69ec7c1ae1a2b510d9ef6467a062	4275042	TSV	STAR - Counts	TCGA-51-4080	8479ec58-f5e7-4d9d-a382-2688ed93ca8e	TCGA-51-4080-11A	Solid Tissue Normal		TCGA-51-4080-11A-01R-1758-07
1ce39b8e-6053-4e64-aae1-f857e1b029d1	ed41fe8b-fe2e-4bf3-91e3-2cf50ddcbc78.rna_seq.augmented_star_gene_counts.tsv	a37c500ce5f7f572d5ba8f9129ec71e6	4240154	TSV	STAR - Counts	TCGA-18-3411	f1a1bbf9-4751-4fb4-8a2b-19f8d4ba57bd	TCGA-18-3411-01A	Primary Tumor		TCGA-18-3411-01A-01R-0980-07
b6d66063-5c82-4be2-9355-1ba53abbb29b	7b582aa9-9564-4c04-9b68-a33f797056a7.rna_seq.augmented_star_gene_counts.tsv	a52867d5c8ff8ef8000232d1dc062db7	4230428	TSV	STAR - Counts	TCGA-22-1005	3c56a43a-91f1-4a66-9cfe-d2e26b86a936	TCGA-22-1005-01A	Primary Tumor		TCGA-22-1005-01A-01R-0692-07
3664ec56-3c20-47ab-ba37-e6a02e24af1d	ff757488-940a-461a-999f-cefe4e19fc08.rna_seq.augmented_star_gene_counts.tsv	9b9f90c12a1e82d65ed5c8d322cac5b5	4232918	TSV	STAR - Counts	TCGA-58-8391	9ed5c6fe-24d2-4ee6-88ba-7319c9cfa05e	TCGA-58-8391-01A	Primary Tumor		TCGA-58-8391-01A-11R-2326-07
6f0c63cb-fffb-4305-9e1a-ccb9ff5ea2cc	b4a13474-aff6-4025-b020-990a572eab05.rna_seq.augmented_star_gene_counts.tsv	7024317917e5c11575d73020ff9d31a7	4251499	TSV	STAR - Counts	TCGA-22-1016	037c57d1-b4a5-45dc-bda4-0550461d321b	TCGA-22-1016-01A	Primary Tumor		TCGA-22-1016-01A-01R-A96U-41
b2c562a3-93f7-4120-94d9-8d2393dd97b2	38714112-af05-4ed4-a433-431ba74f222c.rna_seq.augmented_star_gene_counts.tsv	5c6a694d877bb97b9dd7de41bc2e05de	4230846	TSV	STAR - Counts	TCGA-85-8354	921daff1-65e7-4182-9822-04f48f0a178d	TCGA-85-8354-01A	Primary Tumor		TCGA-85-8354-01A-31R-2326-07
f1925d79-5dae-40b3-8699-6ea713cae738	7bb2bfee-eb7e-46c3-8aaa-1682d47dab06.rna_seq.augmented_star_gene_counts.tsv	bfefec9190565e8305d326172fb90de4	4248045	TSV	STAR - Counts	TCGA-77-6845	f74b6db3-62af-4158-9310-a29b1180e469	TCGA-77-6845-01A	Primary Tumor		TCGA-77-6845-01A-11R-1949-07
e1177e7d-4621-475a-a48f-33e833a4dfbb	01f19270-5df9-42c5-a29b-9623486d2441.rna_seq.augmented_star_gene_counts.tsv	511fd0ca3066a8b79972ab3dcf7a4422	4238254	TSV	STAR - Counts	TCGA-60-2723	0d6a7cdf-daf5-4181-864f-430952e6fdb3	TCGA-60-2723-01A	Primary Tumor		TCGA-60-2723-01A-01R-0851-07
bebca0ac-b673-4d1b-bc34-31806d1b6dff	27ebac4a-87b1-4aec-b856-8f7acde78990.rna_seq.augmented_star_gene_counts.tsv	e8f679067fb87eabf76ad9270a626564	4228530	TSV	STAR - Counts	TCGA-98-8023	553f810b-e917-4935-a875-dc9b902d0789	TCGA-98-8023-01A	Primary Tumor		TCGA-98-8023-01A-11R-2247-07
b1af869c-458d-43cb-aed9-f785a8b615b8	f84c095c-92ae-4448-994e-de023c348520.rna_seq.augmented_star_gene_counts.tsv	a9f11297f8bfd48e638acf43148cff06	4237646	TSV	STAR - Counts	TCGA-77-A5G6	17104d99-8838-4e1c-bd6a-7f1ee7a94bd8	TCGA-77-A5G6-01A	Primary Tumor		TCGA-77-A5G6-01A-11R-A27Q-07
944adc4b-049d-4bce-90a0-d1b18a2d1e5e	e3d18b63-d8ae-429c-b1ea-a5c55259adea.rna_seq.augmented_star_gene_counts.tsv	1ef7bbea4ff1a195654508b35382c6a8	4240464	TSV	STAR - Counts	TCGA-77-7338	03016c31-a2eb-4a04-9e98-f10e0c64fe9e	TCGA-77-7338-11A	Solid Tissue Normal		TCGA-77-7338-11A-01R-2045-07
af5402f0-30d1-4fab-9d41-3b25bc28fc20	b8e5af13-32e2-4f23-8ca5-78ffd5e20ef8.rna_seq.augmented_star_gene_counts.tsv	6f89573b6635b04ee449256299b823a4	4246948	TSV	STAR - Counts	TCGA-77-7338	03016c31-a2eb-4a04-9e98-f10e0c64fe9e	TCGA-77-7338-01A	Primary Tumor		TCGA-77-7338-01A-11R-2045-07
54dc4ad5-8f8d-4d78-a50b-8c2cf7eb2ea0	649e5ee8-e10c-4268-a1d7-77b38f5154ea.rna_seq.augmented_star_gene_counts.tsv	0326e24ab25179b51fe7d3ccf1ede190	4231260	TSV	STAR - Counts	TCGA-77-8136	c4ca7861-2fcc-4ed7-a240-bea9c43d5fb1	TCGA-77-8136-01A	Primary Tumor		TCGA-77-8136-01A-11R-2247-07
541ccd05-1933-4e8e-863f-e0145af65852	59b79577-34ef-47d4-afbf-4eddf8ff771b.rna_seq.augmented_star_gene_counts.tsv	c0f5d5b388f2afd5ce663d135c029873	4240524	TSV	STAR - Counts	TCGA-66-2744	1ee543d5-b8c0-4f79-8373-6bb6319f2ee2	TCGA-66-2744-01A	Primary Tumor		TCGA-66-2744-01A-01R-0980-07
50cca459-fde7-4cd3-a21c-5b60bdb3403b	ed1880f0-e9f7-43ce-8a52-1398556e7c22.rna_seq.augmented_star_gene_counts.tsv	7c88a4e1b2ca7d4f59437016b63c80af	4254732	TSV	STAR - Counts	TCGA-21-1076	220be009-8f1e-4a77-ab04-3220b5f87ea6	TCGA-21-1076-01A	Primary Tumor		TCGA-21-1076-01A-02R-0692-07
7d18edd8-b68d-438c-92e8-be99699f58b3	9d8483ec-eb66-4055-b757-13ef0eb36c05.rna_seq.augmented_star_gene_counts.tsv	6dae2e152ff3555bd82d4ff6407beef8	4237211	TSV	STAR - Counts	TCGA-77-7463	2f4c473d-7a1a-4004-936c-8d4a7a24e212	TCGA-77-7463-01A	Primary Tumor		TCGA-77-7463-01A-11R-2045-07
a3f8814b-1be9-4a0f-837d-9736315efd57	a11292a9-48f1-4f1b-89af-f43df614c024.rna_seq.augmented_star_gene_counts.tsv	5ccf1d1828ba0aadc035f3f18d597225	4248175	TSV	STAR - Counts	TCGA-22-5485	305f72a8-069b-410b-bbe4-4ecb761c748d	TCGA-22-5485-01A	Primary Tumor		TCGA-22-5485-01A-01R-1635-07
d1d499d9-b57f-42ce-9551-f9f18efdbf07	065e0bd3-5bd5-4dae-8711-e90c87a2d2eb.rna_seq.augmented_star_gene_counts.tsv	33d99d36e35eb13ea42926b914683f8a	4244950	TSV	STAR - Counts	TCGA-34-5234	349e01b0-0c88-4321-839e-0a84edf11a73	TCGA-34-5234-01A	Primary Tumor		TCGA-34-5234-01A-01R-1635-07
676b25a9-1156-4b4e-84ed-94d4d3b2250b	70177a4f-8302-49f5-942f-53c2f431cdac.rna_seq.augmented_star_gene_counts.tsv	862a25e1c6f4ff6c019f41a33dba443d	4242552	TSV	STAR - Counts	TCGA-33-4586	376dfd27-68e8-4a1a-9c4f-5064279b2a9e	TCGA-33-4586-01A	Primary Tumor		TCGA-33-4586-01A-01R-1443-07
9364cedf-16c0-4d5b-9ae9-2e5e3d3c8506	fc7a67a1-4af8-404c-a5fc-631ed33d0b45.rna_seq.augmented_star_gene_counts.tsv	25df93cb8c55fc74472997dfbcec61d4	4256739	TSV	STAR - Counts	TCGA-22-5480	396932ab-c4b3-4526-9201-9222f5f062a5	TCGA-22-5480-01A	Primary Tumor		TCGA-22-5480-01A-01R-1635-07
e4864765-ea64-404a-8892-2bbe22684521	5ca741b4-7222-4413-8b8d-eefed93fa002.rna_seq.augmented_star_gene_counts.tsv	cea724d13c7ba7558d797e3b830fc7f5	4254709	TSV	STAR - Counts	TCGA-60-2704	469eba45-5046-4d8a-9f9a-dfbd1e7cf560	TCGA-60-2704-01A	Primary Tumor		TCGA-60-2704-01A-11R-2045-07
bb947fec-f1b9-4e90-9529-68bcd9dff068	df8be527-65a7-472f-8b77-beb413809525.rna_seq.augmented_star_gene_counts.tsv	5e1e7eabbd881ccff7c919a2ce31c6a2	4249188	TSV	STAR - Counts	TCGA-43-7656	9eb34055-0e33-4b3a-827b-d7108b5b0629	TCGA-43-7656-01A	Primary Tumor		TCGA-43-7656-01A-11R-2125-07
6cfe7a85-006a-4eec-88bf-c80bfdfc45f5	fad27069-6285-4999-9de7-5a579c2c78e4.rna_seq.augmented_star_gene_counts.tsv	5bf5614e108de0558aec8871c46e601d	4227954	TSV	STAR - Counts	TCGA-18-3415	9a874b64-d0d6-416e-97bc-e9071ed0b16b	TCGA-18-3415-01A	Primary Tumor		TCGA-18-3415-01A-01R-0980-07
f2ca8c10-3939-4792-abc4-e9547b33e1f7	2f9fc7f7-6290-41e5-b8c0-9776c5a81405.rna_seq.augmented_star_gene_counts.tsv	ea7ad950422e5fb09a3c4d7206d01a10	4240541	TSV	STAR - Counts	TCGA-66-2742	a355bad1-bb49-4de5-892b-691ed0022d91	TCGA-66-2742-01A	Primary Tumor		TCGA-66-2742-01A-01R-0980-07
f47f1b37-e4a3-4f87-97c5-251ec084cdd9	187da62b-d4a8-4c9e-a97e-ae5cb3a2c658.rna_seq.augmented_star_gene_counts.tsv	ceae3de33cf87c35922f8a9c2d73e6ec	4227892	TSV	STAR - Counts	TCGA-43-6773	a3583ffc-adb9-40f5-8ec5-8a4f6f432220	TCGA-43-6773-11A	Solid Tissue Normal		TCGA-43-6773-11A-01R-1949-07
72913c01-0d2a-4a08-b04c-b2149ca6ad37	5e00d446-846f-4be1-a799-fcfe1ba82c46.rna_seq.augmented_star_gene_counts.tsv	6814b9afd476f069a042e4fe92795e0f	4239825	TSV	STAR - Counts	TCGA-56-8626	a4495428-39cc-49f6-bc41-1becdd94113f	TCGA-56-8626-01A	Primary Tumor		TCGA-56-8626-01A-11R-2403-07
2f558b20-191a-4773-84f0-e8e61cef283b	3953b63a-1a63-4e97-b683-ae905b55e03e.rna_seq.augmented_star_gene_counts.tsv	3431db12b4ea6b6a2c6f0ea0d5b3b254	4272998	TSV	STAR - Counts	TCGA-43-6143	a8764401-d2a5-45dd-941d-2ffb2e7a4664	TCGA-43-6143-01A	Primary Tumor		TCGA-43-6143-01A-11R-1820-07
cac5bca1-92c4-4f80-85eb-c6df5741a263	90dfdb4c-21ab-4a5b-908a-c7b7419d424e.rna_seq.augmented_star_gene_counts.tsv	28b8e7509423c4c45f047fdb9b4eb116	4247945	TSV	STAR - Counts	TCGA-98-7454	ae343aae-7273-4c46-826d-01377bed5a75	TCGA-98-7454-01A	Primary Tumor		TCGA-98-7454-01A-11R-2045-07
61281e25-4a72-4567-b7d1-4ab5ce586235	de204810-46e9-487e-8163-3103bc7d1544.rna_seq.augmented_star_gene_counts.tsv	b5d46be1ce9aa5a261479e9cca72ff4a	4240103	TSV	STAR - Counts	TCGA-43-6771	b0818bee-c32c-405c-ba09-956091fbe09b	TCGA-43-6771-01A	Primary Tumor		TCGA-43-6771-01A-11R-1820-07
8d01df6d-4573-46dd-8f59-2b7b9aba7269	d461344d-7dab-4b6a-8fe6-259fe6452ecd.rna_seq.augmented_star_gene_counts.tsv	90b61c73aac04240b8bf4ed3bbc5d295	4227977	TSV	STAR - Counts	TCGA-85-8582	b4dc4f02-ef59-4c23-bfea-815255bb6427	TCGA-85-8582-01A	Primary Tumor		TCGA-85-8582-01A-21R-2403-07
3f734a27-3086-492f-9e13-eab18d41fed3	f2b407a3-4675-424d-beba-b7177a5df748.rna_seq.augmented_star_gene_counts.tsv	2fa3413134498b382c5d293ebde54b36	4248296	TSV	STAR - Counts	TCGA-68-7756	c6debfbb-de60-4d0d-aec2-d8d514c1f313	TCGA-68-7756-01A	Primary Tumor		TCGA-68-7756-01A-11R-2125-07
5bea52d9-2898-404f-ba71-ffc845d1b226	50f7bf08-3f8b-492b-afdc-40b4f35060bf.rna_seq.augmented_star_gene_counts.tsv	bf51002e45fe101175b0302b0cbbbb23	4243390	TSV	STAR - Counts	TCGA-43-A56V	bb2a7057-6df5-4eb9-ad0f-9ac47314889e	TCGA-43-A56V-01A	Primary Tumor		TCGA-43-A56V-01A-11R-A26W-07
238a0f2f-8700-40e8-9ce4-4fc98d6f2b64	4e42b890-26e2-4742-ad04-663e7fbc66fa.rna_seq.augmented_star_gene_counts.tsv	a2db20ffb5cb57e07f24346fed12ce64	4246508	TSV	STAR - Counts	TCGA-60-2706	c1cac0d3-8074-4636-a0b9-47eeede6503b	TCGA-60-2706-01A	Primary Tumor		TCGA-60-2706-01A-01R-0851-07
2b951c52-c888-4826-8114-c9ab09e5e7c5	0b646082-9e64-4fb2-a9c9-e283d4c49852.rna_seq.augmented_star_gene_counts.tsv	8c192336d262e3e424683d30024ac91b	4241525	TSV	STAR - Counts	TCGA-77-6843	c2598334-f866-4cc3-93ec-2d2e8b85d319	TCGA-77-6843-01A	Primary Tumor		TCGA-77-6843-01A-11R-1949-07
12d419ee-1f41-40c1-9c75-03fded456055	686c4b05-6c38-4246-b069-246feb088d5a.rna_seq.augmented_star_gene_counts.tsv	0dd27bc7a1ef9f8cb372b1fb7fbce0f6	4233577	TSV	STAR - Counts	TCGA-63-5128	dce87821-a5cd-4415-ab0c-ac5ed2459929	TCGA-63-5128-01A	Primary Tumor		TCGA-63-5128-01A-01R-1443-07
c8a68cbe-87a1-44b3-bf4b-68ba0de91994	3c174eac-9153-4c66-8da4-969925c2c4c4.rna_seq.augmented_star_gene_counts.tsv	d78b8515cb3a3fb542e8b3cce866e81a	4230603	TSV	STAR - Counts	TCGA-66-2783	d5e14ef5-1b78-4498-a2e2-77070c83eb7f	TCGA-66-2783-01A	Primary Tumor		TCGA-66-2783-01A-01R-1201-07
0d93aa2b-c0f1-495c-8c73-68719d0e8b4e	f766816f-972b-4932-9a07-815b18a1d376.rna_seq.augmented_star_gene_counts.tsv	ae3cf518abda1a9c92a82b20d35b3f94	4240414	TSV	STAR - Counts	TCGA-63-A5ML	ddf19eb8-c3fe-441e-b6cf-c4943b6789d9	TCGA-63-A5ML-01A	Primary Tumor		TCGA-63-A5ML-01A-31R-A27Q-07
b7e3f944-1ed2-4d04-a2dc-bf6ff06b5db7	6b4f8e00-03a3-4f9f-b1ef-435b0417d665.rna_seq.augmented_star_gene_counts.tsv	e7f47a27caea80969d5f4b7225c1c0b9	4241128	TSV	STAR - Counts	TCGA-77-7138	dea2269f-7e15-4ea1-88a4-2314a819c731	TCGA-77-7138-01A	Primary Tumor		TCGA-77-7138-01A-41R-2045-07
7d6fc752-ce68-4605-bd57-6f76c102e59b	c347ccf4-bfa9-4830-9c9d-4fed47beba90.rna_seq.augmented_star_gene_counts.tsv	898aff394a7d9798017a0537e0105480	4247825	TSV	STAR - Counts	TCGA-58-A46J	dff43217-7857-42ca-b87b-058c774a6aa7	TCGA-58-A46J-01A	Primary Tumor		TCGA-58-A46J-01A-11R-A24H-07
d7550b55-333d-415d-8360-e0f2e70634ce	124b3a55-c2b5-4299-b9ee-42da2bdeaa70.rna_seq.augmented_star_gene_counts.tsv	fa1d58a5bbff35b2051a794f10115262	4226072	TSV	STAR - Counts	TCGA-92-8064	dc6ceece-efaa-4b9d-9e12-d35863d7a902	TCGA-92-8064-01A	Primary Tumor		TCGA-92-8064-01A-11R-2247-07
dacb9396-4037-4313-bebc-074ffeab0d29	cc084786-60fc-4e72-9ee4-655483cdb07a.rna_seq.augmented_star_gene_counts.tsv	42cb6b92d13318b102572ff1e3bacf56	4248090	TSV	STAR - Counts	TCGA-66-2758	dca4c540-897f-435b-9ee2-8f5b2e8734c6	TCGA-66-2758-01A	Primary Tumor		TCGA-66-2758-01A-02R-0851-07
0cd79b1c-d9c2-4aee-8976-7174cdececae	1eb9bd2a-9d0d-4dd6-8e91-8eca788861d1.rna_seq.augmented_star_gene_counts.tsv	2f2d6d7083a9e9fb447e53cb19b02d5a	4247475	TSV	STAR - Counts	TCGA-39-5040	eca4bfa2-5ba5-4708-959a-d901c1b61edd	TCGA-39-5040-11A	Solid Tissue Normal		TCGA-39-5040-11A-01R-2125-07
b34c57e4-8afb-4b20-8634-dd38e8e7828d	4523fea5-05af-4b00-bd5c-434916e561f3.rna_seq.augmented_star_gene_counts.tsv	29f0b2523a31c812a9049174ed974c0e	4245595	TSV	STAR - Counts	TCGA-22-5473	eea9575a-c842-4a95-9e47-3a3b12533f25	TCGA-22-5473-01A	Primary Tumor		TCGA-22-5473-01A-01R-1635-07
966086a2-7a30-42e7-bd34-60942d862258	6d735e36-2e68-4f45-b070-49c997803759.rna_seq.augmented_star_gene_counts.tsv	199d04b5ef104d223707dad91ee71b8d	4267528	TSV	STAR - Counts	TCGA-46-6026	e8bc2eea-dc6e-420b-abe8-e36989e75df8	TCGA-46-6026-01A	Primary Tumor		TCGA-46-6026-01A-11R-1820-07
dcbc607b-f0c0-4771-b5eb-2f8defb490a9	4c87674d-dd05-490d-a584-84490509f4d4.rna_seq.augmented_star_gene_counts.tsv	d5d7dbad93c0403fca681cc8e5c8ba26	4205783	TSV	STAR - Counts	TCGA-33-4583	f728a4d9-53d4-43a5-abc1-4016d388efa8	TCGA-33-4583-01A	Primary Tumor		TCGA-33-4583-01A-01R-1443-07
0811dae6-0c8d-42cf-9384-81649d072407	fe3c3901-fff3-4d66-bf4a-c44783fde75a.rna_seq.augmented_star_gene_counts.tsv	a40906b21a4bb3dae8a452fe46631af5	4240639	TSV	STAR - Counts	TCGA-56-7822	f1aa75c3-13f3-4bd9-9e51-923c2f62c2f7	TCGA-56-7822-01A	Primary Tumor		TCGA-56-7822-01A-11R-2125-07
84bb43ac-afd4-4f2b-aeee-bdbe0d2e8d88	3ab1dfbc-ab83-446e-b680-cd6aec12b177.rna_seq.augmented_star_gene_counts.tsv	7db475af7efda6f40ef596b5daecdd68	4239023	TSV	STAR - Counts	TCGA-22-5479	fadd20a1-90ca-4d99-a128-9730d02a7bd6	TCGA-22-5479-01A	Primary Tumor		TCGA-22-5479-01A-31R-1949-07
b9839f31-8926-4fa3-9aae-bf15ee58e847	6ee211fb-528c-4c24-a197-62967c795eb4.rna_seq.augmented_star_gene_counts.tsv	41faf428459b6e34e897c9cd1751e9f9	4244468	TSV	STAR - Counts	TCGA-58-A46M	f37f9827-9c3b-4aed-a2cb-5e905f1e2d2e	TCGA-58-A46M-01A	Primary Tumor		TCGA-58-A46M-01A-11R-A24H-07
044d098e-c65f-4152-8939-3c315aed0073	80ca4c12-21e8-45d1-8820-537b99bce32d.rna_seq.augmented_star_gene_counts.tsv	6fbbdda6d163bd0a889c965a8ff2b41c	4244762	TSV	STAR - Counts	TCGA-60-2712	f355cd59-eaa9-46c7-ab07-b90a7afc875c	TCGA-60-2712-01A	Primary Tumor		TCGA-60-2712-01A-01R-0851-07
f95d3d81-2433-4018-a042-f24b9f04946a	545f9937-b128-4f44-8b12-ded0fb79bf3f.rna_seq.augmented_star_gene_counts.tsv	b495c83f1e2ea437d2d9292e0a6dc5f5	4254208	TSV	STAR - Counts	TCGA-56-7221	1dba835e-cbe9-41e0-883d-50bf86bc7821	TCGA-56-7221-01A	Primary Tumor		TCGA-56-7221-01A-11R-2045-07
da8679e6-96fc-4874-83c8-a3e3b0fe20d4	9b86812f-b1ee-4b6d-9691-8587f2487c4a.rna_seq.augmented_star_gene_counts.tsv	c9b3862c3032bfe4eba1fc1161bd05d8	4223293	TSV	STAR - Counts	TCGA-21-A5DI	a7cd7b0f-ab76-4f3f-a2d5-5ec04fe6c4f3	TCGA-21-A5DI-01A	Primary Tumor		TCGA-21-A5DI-01A-31R-A26W-07
b7632f5d-e8ec-4dfb-8431-e9151bf7b451	60b9a6fa-2d03-42d1-8d60-27cb55429b84.rna_seq.augmented_star_gene_counts.tsv	dbaa393ffea087df998c2a572c082ff0	4226153	TSV	STAR - Counts	TCGA-77-8138	283af87a-f962-47ab-8a7b-4fcd7e45cdf6	TCGA-77-8138-01A	Primary Tumor		TCGA-77-8138-01A-11R-2247-07
94cab1e2-dcd6-43b7-b359-75b0c4a485ba	23f1ad0c-c9d5-408f-bba8-1bb71364007b.rna_seq.augmented_star_gene_counts.tsv	463634784609f248b1f877bab3d4f045	4242913	TSV	STAR - Counts	TCGA-94-7033	3351b902-9b7e-4b90-bf6b-bcf74be00bc1	TCGA-94-7033-01A	Primary Tumor		TCGA-94-7033-01A-11R-1949-07
cd2cc3a1-d721-4ce9-a62d-c99db2e4ce77	83b978f6-d8a3-4aba-b07d-dc93ada56f43.rna_seq.augmented_star_gene_counts.tsv	50321c94a0b0da95c2b5c7c21d189f67	4238297	TSV	STAR - Counts	TCGA-21-1070	28f899c5-ea17-4df6-83e6-e744e04d0ea1	TCGA-21-1070-01A	Primary Tumor		TCGA-21-1070-01A-01R-A96U-41
7ec8a5aa-d1a6-4f3b-b9da-5bc5609f7092	0f286755-ae74-4a1c-b1c2-a1552286a2e7.rna_seq.augmented_star_gene_counts.tsv	44362fece414b34dd4fabc7f8c5cf86d	4239338	TSV	STAR - Counts	TCGA-56-8305	d5e94dcf-994f-48a0-b491-bbbf1c2a6783	TCGA-56-8305-01A	Primary Tumor		TCGA-56-8305-01A-11R-2296-07
c10c6664-2b6f-4486-ae42-d754656c2538	3b9e1cd6-7b59-4a05-a896-9789b317741c.rna_seq.augmented_star_gene_counts.tsv	78a204ea38c6d3ece4de2705c42d646c	4249064	TSV	STAR - Counts	TCGA-22-5472	bd3bf142-7c14-4538-8a76-3c6e140fa01a	TCGA-22-5472-01A	Primary Tumor		TCGA-22-5472-01A-01R-1635-07
1cda41ee-8fba-45c4-b1ba-14f5844ace4a	6183a6eb-8d7f-44e9-8e59-5e74ddb7426c.rna_seq.augmented_star_gene_counts.tsv	31485324c80929b58cf536aa845c687c	4241382	TSV	STAR - Counts	TCGA-22-1017	25f64b80-0672-4980-9875-956b1699309b	TCGA-22-1017-01A	Primary Tumor		TCGA-22-1017-01A-01R-0692-07
4b8fa723-5547-4ddd-b09f-04405a35b035	f9cb2d13-67c3-4010-bf9a-3f57361f68da.rna_seq.augmented_star_gene_counts.tsv	c6d4db7025bf5856ebbc67af17f990e7	4226291	TSV	STAR - Counts	TCGA-56-8504	9ee64a87-7224-461c-94da-29710d73164f	TCGA-56-8504-01A	Primary Tumor		TCGA-56-8504-01A-11R-2403-07
89757795-017d-40e2-ba48-e7a19fb69b94	6b717b71-a34d-45af-a27e-ce77484d14f2.rna_seq.augmented_star_gene_counts.tsv	47fbdda1b441bf5e46f5aefa90ed434b	4254342	TSV	STAR - Counts	TCGA-43-5668	f5ad138c-1714-41e9-9c2d-c88050bec407	TCGA-43-5668-01A	Primary Tumor		TCGA-43-5668-01A-01R-1635-07
393a1776-5f0b-4411-8266-5687be14dbfc	90e56bb7-5403-42c9-b5c2-aad34578cc82.rna_seq.augmented_star_gene_counts.tsv	fd95818835f8b091371e06b5e7bd617a	4238237	TSV	STAR - Counts	TCGA-18-3407	4e1ad82e-23c8-44bb-b74e-a3d0b1126b96	TCGA-18-3407-01A	Primary Tumor		TCGA-18-3407-01A-01R-0980-07
e6fbcebb-6fe9-4b0e-aa82-cf42e72b8785	f43fedad-9563-46e0-8843-7d151a453fd0.rna_seq.augmented_star_gene_counts.tsv	a2f8fb7b5c5dedfa903d4c8a3bbc4029	4242473	TSV	STAR - Counts	TCGA-56-8623	513c5f34-dc6e-4caa-81cc-907fd6a825b1	TCGA-56-8623-11A	Solid Tissue Normal		TCGA-56-8623-11A-01R-A28V-07
cf282dd2-fc71-41e4-a22d-87ea9de78b71	221c0abc-cf42-48ce-aabd-6aa0f84bcf30.rna_seq.augmented_star_gene_counts.tsv	731b19a63756f2d5eecc8088949a1ff1	4257317	TSV	STAR - Counts	TCGA-56-8623	513c5f34-dc6e-4caa-81cc-907fd6a825b1	TCGA-56-8623-01A	Primary Tumor		TCGA-56-8623-01A-11R-A28V-07
e67aefdf-0c86-4390-aee1-2774d24c6cd1	fb202ad6-ab00-453e-bc4e-bdc96965995e.rna_seq.augmented_star_gene_counts.tsv	aeb37391bf623839a6c2b4b785ec5f50	4242908	TSV	STAR - Counts	TCGA-90-6837	0e515ab8-99f9-43d9-a621-8fe9ede828ec	TCGA-90-6837-01A	Primary Tumor		TCGA-90-6837-01A-11R-1949-07
6b95a5c7-0b98-4f90-a8b2-22490d2cc0ce	57cbfb00-8eb6-4798-bb8c-8e217a965a27.rna_seq.augmented_star_gene_counts.tsv	4746126448a868f38a5031c25ee6b712	4252655	TSV	STAR - Counts	TCGA-43-7658	a6ec75d4-1c90-4527-bfae-aa91d2dae082	TCGA-43-7658-11A	Solid Tissue Normal		TCGA-43-7658-11A-01R-2125-07
ecfadce6-835a-44ae-a0d8-92a79f71e1d8	226f3cc5-3d90-4fcd-ad37-9f6dcb7b3679.rna_seq.augmented_star_gene_counts.tsv	5a5ad29c29c95f7b9bc7ec4620526877	4252380	TSV	STAR - Counts	TCGA-18-4083	a33f0741-2161-4818-89f2-ec8ccae57949	TCGA-18-4083-01A	Primary Tumor		TCGA-18-4083-01A-01R-A96U-41
f134bb5f-7ea6-4a38-85a9-150bb7c2eccc	7dfae289-3d0e-4879-8b82-0a59febef625.rna_seq.augmented_star_gene_counts.tsv	8bdf74342d0c00430915a218aee08a5d	4251633	TSV	STAR - Counts	TCGA-33-4533	b4ff0f49-b787-48ec-91cc-ee26786ff1bf	TCGA-33-4533-01A	Primary Tumor		TCGA-33-4533-01A-01R-1201-07
33ff6f1e-2bf3-4238-a329-f84cb9c28583	547d5d18-2066-48d0-bc08-4d356016567c.rna_seq.augmented_star_gene_counts.tsv	14420005cf4d72972ac48d288510319f	4266163	TSV	STAR - Counts	TCGA-43-7658	a6ec75d4-1c90-4527-bfae-aa91d2dae082	TCGA-43-7658-01A	Primary Tumor		TCGA-43-7658-01A-11R-2125-07
0f6c6bd3-2f1c-4358-9ce0-00cbef1693bc	fdc57820-1370-4386-af1b-35dc4ed7f2d7.rna_seq.augmented_star_gene_counts.tsv	c468e350289793432c320435642db3de	4250722	TSV	STAR - Counts	TCGA-60-2711	1f11de87-a5fe-49fd-80c1-e279b2bc69de	TCGA-60-2711-01A	Primary Tumor		TCGA-60-2711-01A-01R-0851-07
10acdc61-cf73-4187-a6d2-f7d2e1565cec	28f4a0c0-3ded-487c-9f16-64c551e39886.rna_seq.augmented_star_gene_counts.tsv	fc7d6a9724278e5cdc61c205240c9467	4227144	TSV	STAR - Counts	TCGA-98-8020	ffb53b81-c1ed-473c-bdcd-b325b02e22ae	TCGA-98-8020-01A	Primary Tumor		TCGA-98-8020-01A-11R-2247-07
4236170e-67b4-4bd7-badd-4fcba557d0e3	6df80c92-775e-4bcf-b2c7-6cbd7e147447.rna_seq.augmented_star_gene_counts.tsv	606d0476192601004d5e7562d4b0886d	4249006	TSV	STAR - Counts	TCGA-43-7657	dbece124-c042-4adc-8136-90e7940ee6ad	TCGA-43-7657-01A	Primary Tumor		TCGA-43-7657-01A-31R-2125-07
c67f194f-0c71-4835-801c-5b6da7a583ef	4c84a3bd-3b6f-4627-a4d9-acd3b9669608.rna_seq.augmented_star_gene_counts.tsv	f35f0601970e9fc35da5880d6c7078bd	4252327	TSV	STAR - Counts	TCGA-43-7657	dbece124-c042-4adc-8136-90e7940ee6ad	TCGA-43-7657-11A	Solid Tissue Normal		TCGA-43-7657-11A-01R-2125-07
7da3a15e-9911-4429-98e7-d7ee03d7ad7f	ef697db7-3b14-4999-9e9b-85c37718f615.rna_seq.augmented_star_gene_counts.tsv	ef244a85ec4a69cfd95bfb356d65d1a9	4256739	TSV	STAR - Counts	TCGA-60-2695	acae4e48-57de-40c5-9ae5-4386144ebaea	TCGA-60-2695-01A	Primary Tumor		TCGA-60-2695-01A-01R-0851-07
56df6ca9-d0fb-46c2-a7d1-90b6ec3c2cb7	269aa115-52b8-47e4-99e3-486df99b8a14.rna_seq.augmented_star_gene_counts.tsv	8534e5882e8c877e67b46a3470c96bc5	4218972	TSV	STAR - Counts	TCGA-22-1017	25f64b80-0672-4980-9875-956b1699309b	TCGA-22-1017-01A	Primary Tumor		TCGA-22-1017-01A-01R-A96U-41
45c6656d-a8f3-4968-aa40-142f3a340dde	ec765dd2-6541-4cdc-a26c-6d116398dc87.rna_seq.augmented_star_gene_counts.tsv	88aa21bcc2f65eda1cef2efe72a40597	4251335	TSV	STAR - Counts	TCGA-60-2698	fd9ee494-65fe-4de4-adff-7952a059b17f	TCGA-60-2698-01A	Primary Tumor		TCGA-60-2698-01A-01R-0851-07
09152b74-f690-4dbc-a398-1f8dde28ec06	868bc289-3c43-4a0f-bbb1-703f0e9fa33a.rna_seq.augmented_star_gene_counts.tsv	51be60d63f848fcba03454f8a9f7e4e9	4261356	TSV	STAR - Counts	TCGA-60-2715	f3e67161-1532-4b50-a9b5-0da80410c4d7	TCGA-60-2715-01A	Primary Tumor		TCGA-60-2715-01A-01R-0851-07
7a9de79e-7eaf-41f3-b7fd-bd59cbf64443	c3f12570-a4ac-4222-9cba-e768ad282eaa.rna_seq.augmented_star_gene_counts.tsv	f133b7babb2be5568b5c7d6e4b9b3e63	4248176	TSV	STAR - Counts	TCGA-22-5471	bece6b8e-5d6c-4dd6-85a3-9b3a9c670aa7	TCGA-22-5471-01A	Primary Tumor		TCGA-22-5471-01A-01R-1635-07
12c81c8b-9937-4b35-b374-0fd21d2481e6	18eaf36e-6272-44e8-9144-59d953e511c6.rna_seq.augmented_star_gene_counts.tsv	164b4b13b64d37e735b69236cad6a447	4244978	TSV	STAR - Counts	TCGA-22-1000	972476b7-d7f3-4865-b978-0c13f29457cb	TCGA-22-1000-01A	Primary Tumor		TCGA-22-1000-01A-01R-A32Z-07
48d7da30-c7d4-4dfa-aab4-0f9a0fdc05af	21c03d47-8b62-4b3f-b739-16b5e76b2cf5.rna_seq.augmented_star_gene_counts.tsv	4dd4d720c3ae6138bf5239222ced5e6e	4251282	TSV	STAR - Counts	TCGA-60-2697	3c112114-6a8b-4aea-9349-6dffbaad078d	TCGA-60-2697-01A	Primary Tumor		TCGA-60-2697-01A-11R-2125-07
b77287b2-6fef-4978-a682-ccf09f1e781a	d51ed231-f18a-456c-ba58-b0f552ae4f4f.rna_seq.augmented_star_gene_counts.tsv	cb115d0241cb8dd1f0c3aab8d42448ea	4249979	TSV	STAR - Counts	TCGA-90-6837	0e515ab8-99f9-43d9-a621-8fe9ede828ec	TCGA-90-6837-11A	Solid Tissue Normal		TCGA-90-6837-11A-01R-1949-07
3a3ef9b4-f31e-4bcf-ab1e-c2ae5c86e315	011ccd6c-529a-4529-825d-ba024c13098d.rna_seq.augmented_star_gene_counts.tsv	903e12c0e6e8e45026040b2b55d17dc4	4236037	TSV	STAR - Counts	TCGA-21-1078	0ab8d063-62b4-4d47-82aa-e3351a60029d	TCGA-21-1078-01A	Primary Tumor		TCGA-21-1078-01A-01R-0692-07
c65132d7-6682-423e-a972-0e0b499275b4	924217b0-1e3e-4c5d-91fb-69fd5831532b.rna_seq.augmented_star_gene_counts.tsv	04fdb8474e7d3f62327e673d5d03673c	4236174	TSV	STAR - Counts	TCGA-43-A474	ae2c650c-600b-4c58-893b-7fd73d44af47	TCGA-43-A474-01A	Primary Tumor		TCGA-43-A474-01A-11R-A24H-07
e10aaba3-1a82-405e-8fc5-81594351b775	bbe66330-7ed8-4c41-bfa9-53bdfce3cc1f.rna_seq.augmented_star_gene_counts.tsv	d5630b37a5eee5657e693d2d0c57023a	4248165	TSV	STAR - Counts	TCGA-96-7545	4ca13c92-84b4-4edf-842a-b20b7e713415	TCGA-96-7545-01A	Primary Tumor		TCGA-96-7545-01A-21R-2045-07
62c0d1a5-7c0a-412a-bf02-af9240195b90	0403c63c-8013-474c-a885-3830dbac4187.rna_seq.augmented_star_gene_counts.tsv	d6fccbffff296e80b2ea6c279c55892f	4234076	TSV	STAR - Counts	TCGA-18-3416	6eb61cab-8e83-4c18-a59a-ae0985ec9d2e	TCGA-18-3416-01A	Primary Tumor		TCGA-18-3416-01A-01R-0980-07
75969880-a360-4e72-afe4-752dd6f04289	b9a5766c-e155-423e-a075-10fb14fe87df.rna_seq.augmented_star_gene_counts.tsv	884eeaa5daa609312d1cc7a362bae463	4227153	TSV	STAR - Counts	TCGA-39-5039	ffb83f21-06d9-4e52-a2d0-e85c13f4037f	TCGA-39-5039-01A	Primary Tumor		TCGA-39-5039-01A-01R-1443-07
dbdf3ac8-5a7b-4552-8713-44c819c88fc4	98f050e8-0329-4978-955d-20782d692d41.rna_seq.augmented_star_gene_counts.tsv	590b51fb5352b367ddc2738776ff8ddd	4245644	TSV	STAR - Counts	TCGA-90-7964	6e6b8596-76aa-49f5-a997-46ebc0e43934	TCGA-90-7964-01A	Primary Tumor		TCGA-90-7964-01A-21R-2187-07
c6bd1dd4-4966-4e53-aaf3-30da7d28491d	3dc5db8b-58cf-4e9f-8ed8-35203b61d452.rna_seq.augmented_star_gene_counts.tsv	a12800f15e61c615ffe7affdf18a11b5	4244782	TSV	STAR - Counts	TCGA-60-2714	705a4688-f10f-4e6a-aed9-6efc3b3b9989	TCGA-60-2714-01A	Primary Tumor		TCGA-60-2714-01A-01R-0851-07
52a4b995-1a94-4d89-9ff5-ca22b658c6d4	be8c147c-72e6-4178-94ee-8c7b5b8a6745.rna_seq.augmented_star_gene_counts.tsv	1944d2829cae6d5b590ab73d5bacb912	4249522	TSV	STAR - Counts	TCGA-33-6737	afedf3fb-fc77-45a7-bdcd-2c78706a0f8a	TCGA-33-6737-11A	Solid Tissue Normal		TCGA-33-6737-11A-01R-1820-07
afcab3fd-65b3-463a-86c7-ca84d580db00	0aa2c4f2-1b47-4ecb-9923-7e79471db6bb.rna_seq.augmented_star_gene_counts.tsv	cc23ca246b7def99e9dac9b87be46c1d	4239970	TSV	STAR - Counts	TCGA-22-5471	bece6b8e-5d6c-4dd6-85a3-9b3a9c670aa7	TCGA-22-5471-11A	Solid Tissue Normal		TCGA-22-5471-11A-01R-1635-07
441e6227-4fa3-4891-92ec-8a6f93a02ec6	fdbb6067-944b-42be-a7d3-9b200157e0f6.rna_seq.augmented_star_gene_counts.tsv	c0a7738edcb51e41f8499bbc7dd20824	4243563	TSV	STAR - Counts	TCGA-NK-A5D1	80aa8e99-41d5-422f-a1bb-69599aa8236f	TCGA-NK-A5D1-01A	Primary Tumor		TCGA-NK-A5D1-01A-11R-A26W-07
d3b06d38-0bf2-4982-9728-8eb33e27b756	22f0a151-79e5-4f20-8301-412961bd8216.rna_seq.augmented_star_gene_counts.tsv	08c425aef033bd51d391c7b3ce7b78cd	4222809	TSV	STAR - Counts	TCGA-18-3406	95b83006-02c9-4c4d-bf84-a45115f7d86d	TCGA-18-3406-01A	Primary Tumor		TCGA-18-3406-01A-01R-0980-07
d30182cd-80ad-4912-9404-20411c5253ea	143ed468-a30e-4ddb-9cb8-f9d9f9b8fcba.rna_seq.augmented_star_gene_counts.tsv	725cc38e302ab644ddb300638e2f26ff	4258239	TSV	STAR - Counts	TCGA-21-1083	0398eae1-7216-4595-80a5-6b117d96e070	TCGA-21-1083-01A	Primary Tumor		TCGA-21-1083-01A-01R-0692-07
9248b749-a2ae-4d64-a0b4-3c2bf0f7ed62	687c405f-8a15-4be2-b427-ee7620ab199e.rna_seq.augmented_star_gene_counts.tsv	e8b1838f2074b022ae1ff96a983c7f91	4251880	TSV	STAR - Counts	TCGA-94-7557	ea741488-5475-4a3d-b9fe-81722f129974	TCGA-94-7557-01A	Primary Tumor		TCGA-94-7557-01A-11R-2125-07
3c03e4c3-c684-40c4-9d0f-9f6e36493ae1	e10c5b73-6716-4222-acba-de1116432daa.rna_seq.augmented_star_gene_counts.tsv	53f0457f0a4312dc317dfb5b58ee1125	4251223	TSV	STAR - Counts	TCGA-94-7943	aecf85cc-058c-46f3-9cdc-3573ac3b8438	TCGA-94-7943-01A	Primary Tumor		TCGA-94-7943-01A-11R-2187-07
752b0067-d61f-4c6f-bd71-46e0338f15de	52a41293-9031-4b0c-ac1e-7b01a645248d.rna_seq.augmented_star_gene_counts.tsv	6ccd764ec1b0e9fc022a64c9f8dc2e30	4223591	TSV	STAR - Counts	TCGA-J1-A4AH	99daa971-31d0-4c37-9c12-b0dc42ddd19b	TCGA-J1-A4AH-01A	Primary Tumor		TCGA-J1-A4AH-01A-31R-A24H-07
a4b51d89-f5bf-44c1-9822-9bd033709681	60438408-6d49-446f-a182-57732b78c6d8.rna_seq.augmented_star_gene_counts.tsv	3be38dfda35b9d3239db9d3e7c82c1ae	4254197	TSV	STAR - Counts	TCGA-18-4083	a33f0741-2161-4818-89f2-ec8ccae57949	TCGA-18-4083-01A	Primary Tumor		TCGA-18-4083-01A-01R-1100-07
bc278946-a5c8-4b1a-a5cc-583ab4ee1420	afe1d6a7-79e5-426b-8b15-aa67e84b3c03.rna_seq.augmented_star_gene_counts.tsv	c2444c83d567dd95eafdcd7376f864eb	4254682	TSV	STAR - Counts	TCGA-90-7766	3fdf941e-40ec-43b6-b6e3-31a0861bd5b8	TCGA-90-7766-01A	Primary Tumor		TCGA-90-7766-01A-21R-2125-07
0f3755ec-9e0e-4fc9-ae14-a32d6b486a7e	b1361753-6f8c-4038-addb-9e4767ca627c.rna_seq.augmented_star_gene_counts.tsv	47d910fa8216b6cbc796425707cca061	4239901	TSV	STAR - Counts	TCGA-21-1070	28f899c5-ea17-4df6-83e6-e744e04d0ea1	TCGA-21-1070-01A	Primary Tumor		TCGA-21-1070-01A-01R-0692-07
78af8cfb-23d2-442d-8439-f1862906f3e2	e43c19e5-5e82-48f0-87dc-f817182ed519.rna_seq.augmented_star_gene_counts.tsv	4a9d52bed12b490f0aace499fa5ec362	4250239	TSV	STAR - Counts	TCGA-60-2710	b28e3be1-9843-4204-b999-b3e2a909c7bd	TCGA-60-2710-01A	Primary Tumor		TCGA-60-2710-01A-01R-0851-07
fb103781-9cee-4e30-a864-3d4e9c5b32ae	ca5bd52a-18cb-4443-b335-7ffdc367d19d.rna_seq.augmented_star_gene_counts.tsv	148f52d5dc97b7827c56372127677e6c	4213815	TSV	STAR - Counts	TCGA-33-4589	49f975ea-a1cf-4a9b-bf13-030c68cc99e4	TCGA-33-4589-01A	Primary Tumor		TCGA-33-4589-01A-01R-1443-07
be19e560-e5b5-4cf2-aba3-295335d046c9	1fc1521d-7cb1-4a33-b6ed-efee9edc87e2.rna_seq.augmented_star_gene_counts.tsv	3059523cb5b698b929103fcaaad179b3	4231051	TSV	STAR - Counts	TCGA-43-2576	0806923c-2dee-403d-a2e9-771722873b0d	TCGA-43-2576-01A	Primary Tumor		TCGA-43-2576-01A-01R-A32Z-07
fc8ef0dc-9a48-4eba-aeb6-9eec106739ca	32c76d04-75c3-42ae-81bc-580a52dc936a.rna_seq.augmented_star_gene_counts.tsv	0c56b23412ad534d50d34d543d581028	4257500	TSV	STAR - Counts	TCGA-22-5472	bd3bf142-7c14-4538-8a76-3c6e140fa01a	TCGA-22-5472-11A	Solid Tissue Normal		TCGA-22-5472-11A-11R-1635-07
7909042c-47f9-4f3a-9591-71f8856a571d	0648c653-891f-4202-8d83-59be8fc5e80c.rna_seq.augmented_star_gene_counts.tsv	837dbf379bbfa54941e83513e4a44f91	4243442	TSV	STAR - Counts	TCGA-68-8250	7b982d5e-3a7d-40ac-bd25-6044c62879b6	TCGA-68-8250-01A	Primary Tumor		TCGA-68-8250-01A-11R-2296-07
5d703777-b3db-4ed5-952b-203a5641767e	1138323c-5a60-4535-bfb3-31703a106798.rna_seq.augmented_star_gene_counts.tsv	da170b83ac55c70b9ee7a4507fb94b1a	4252191	TSV	STAR - Counts	TCGA-18-3410	99599b60-4f5c-456b-8755-371b1aa7074e	TCGA-18-3410-01A	Primary Tumor		TCGA-18-3410-01A-01R-0980-07
00bc0fe4-481a-4893-b57e-d5113a6bcce2	6cc2062d-6c21-4bf6-b2e1-cd8e2aa71235.rna_seq.augmented_star_gene_counts.tsv	5add3a9af5beeb7f650f58bdcdb2601b	4248106	TSV	STAR - Counts	TCGA-33-6737	afedf3fb-fc77-45a7-bdcd-2c78706a0f8a	TCGA-33-6737-01A	Primary Tumor		TCGA-33-6737-01A-11R-1820-07
c57d8af8-d433-4df9-ba01-455496f8f867	d5d316ad-173b-40bf-b91c-2e38393fed85.rna_seq.augmented_star_gene_counts.tsv	e512104d9632bf46cc6f529a9563730f	4247085	TSV	STAR - Counts	TCGA-18-5595	628b1bc3-825b-4d0e-a4cd-57eeaf98e798	TCGA-18-5595-01A	Primary Tumor		TCGA-18-5595-01A-01R-1635-07
64f6f88f-372d-46a3-8fd5-2c88464b9177	544990ea-0a22-4bc5-8f14-ffc9999f2572.rna_seq.augmented_star_gene_counts.tsv	b3181f37e97b8ff8008de895dc7f369a	4250020	TSV	STAR - Counts	TCGA-43-2578	37f5457e-21d9-4b79-95d5-ded6f2e43087	TCGA-43-2578-01A	Primary Tumor		TCGA-43-2578-01A-01R-0851-07
eca32303-c94c-433e-bb9e-a299b33d83d1	a4b79cf8-f21a-42ae-bd00-528204d1e66d.rna_seq.augmented_star_gene_counts.tsv	3f859cee34c9c202a30a036eb70a9685	4221828	TSV	STAR - Counts	TCGA-77-A5GA	ce137f49-d12b-4112-825a-e673545f54e5	TCGA-77-A5GA-01A	Primary Tumor		TCGA-77-A5GA-01A-11R-A27Q-07
52055266-7b4e-4fc4-bae0-6e39d76cff59	23ba243d-81d5-44b7-a238-5c0e99118e97.rna_seq.augmented_star_gene_counts.tsv	a8b8bd910f9c407dab2b6b498f19e8b9	4248812	TSV	STAR - Counts	TCGA-33-4532	6ee6ca0a-8702-480d-b2d1-9224e7dd9211	TCGA-33-4532-01A	Primary Tumor		TCGA-33-4532-01A-01R-1201-07
fa752ca7-ed6f-44cc-b19d-3de8613aaf89	b3f3ba70-bfce-4e13-bb38-8bc070ccb07f.rna_seq.augmented_star_gene_counts.tsv	65060f9649aabe5fd0277edb7e2a5123	4243686	TSV	STAR - Counts	TCGA-33-AASD	ef6116ce-ae38-488c-b3cc-0e88ba0f1876	TCGA-33-AASD-01A	Primary Tumor		TCGA-33-AASD-01A-11R-A405-07
db225ac9-c998-42ad-9181-a075ec0f7c47	85b2ba06-6bdb-478f-b0ec-f048d08e564d.rna_seq.augmented_star_gene_counts.tsv	a25feab17ac3d1b838ace6747d05073e	4251679	TSV	STAR - Counts	TCGA-60-2721	bcd78677-98d5-4403-8313-e1fbd76e8ef7	TCGA-60-2721-01A	Primary Tumor		TCGA-60-2721-01A-01R-0851-07
10bec46a-08c3-4fe7-a65a-d801705fca17	90b40e5e-f443-45aa-a810-7026010c41f4.rna_seq.augmented_star_gene_counts.tsv	45fec7e248602354efb4c8e32e6d0a92	4247739	TSV	STAR - Counts	TCGA-98-A53C	5d7a6807-e024-479d-a4df-1d44af41fa66	TCGA-98-A53C-01A	Primary Tumor		TCGA-98-A53C-01A-11R-A262-07
e9b58b5f-9246-4bf1-b921-1da50b471ceb	dd29f468-7d53-4557-8c22-d4368f5004f7.rna_seq.augmented_star_gene_counts.tsv	74d4b9c679213881a81a7180f05c88a4	4227744	TSV	STAR - Counts	TCGA-18-3421	34d5d8b7-9737-43fa-86fe-7c2885c787cf	TCGA-18-3421-01A	Primary Tumor		TCGA-18-3421-01A-01R-0980-07
d5a9ed78-88ed-409c-8947-f1cd3fa6fce9	37d5fa1c-283e-419d-94d5-0ca40fb12349.rna_seq.augmented_star_gene_counts.tsv	e33413df1d1b3bed23faf202aa8676bf	4236703	TSV	STAR - Counts	TCGA-94-A5I4	442c412d-6cc5-4ffd-810c-c94c8e643bd6	TCGA-94-A5I4-01A	Primary Tumor		TCGA-94-A5I4-01A-11R-A26W-07
ecf4dc55-b6a2-47de-8443-ce57b8362209	2d5147ef-d38d-4341-a8da-6c0fa8482cd3.rna_seq.augmented_star_gene_counts.tsv	0113c09a5a3fed4b16c0b3477e368d1f	4248496	TSV	STAR - Counts	TCGA-O2-A52S	e80a4625-1b5a-4abc-8ab9-978d1488b961	TCGA-O2-A52S-01A	Primary Tumor		TCGA-O2-A52S-01A-11R-A262-07
f81cd722-db09-40ee-9ac1-a0571f43dc30	a2f19b0e-eeab-47ef-aa22-61c779b9a075.rna_seq.augmented_star_gene_counts.tsv	c41293371099c89c5302ee842556a511	4235475	TSV	STAR - Counts	TCGA-56-A5DR	2a0b4559-5ece-4b79-9c89-2ebe7cf82905	TCGA-56-A5DR-01A	Primary Tumor		TCGA-56-A5DR-01A-11R-A27Q-07
2561a166-42c2-4136-b353-a428211ea84b	b734515f-18ac-4a4b-8272-dc54d8d945a4.rna_seq.augmented_star_gene_counts.tsv	10a268368122cc9a1e6ebb767b5e0cde	4244790	TSV	STAR - Counts	TCGA-56-A5DS	edbff8e2-6e22-474c-a813-b3b258972a99	TCGA-56-A5DS-01A	Primary Tumor		TCGA-56-A5DS-01A-11R-A27Q-07
8ccc54f2-104f-4d3d-bf5a-b16b9e228110	9c7aa844-96f4-4906-9d7f-7c88a07d8dd6.rna_seq.augmented_star_gene_counts.tsv	5e1eb0da9483b8199fe48056e4c4c44c	4241505	TSV	STAR - Counts	TCGA-22-4594	986ced10-52b9-43b4-84ad-96013a657f1b	TCGA-22-4594-01A	Primary Tumor		TCGA-22-4594-01A-01R-1201-07
2e192b44-dac3-477b-bc68-65d46b8c1a64	aa231a79-e3be-4103-8a91-e6c1536db843.rna_seq.augmented_star_gene_counts.tsv	801815c4b22f765a1274bd3a3e4b3556	4232442	TSV	STAR - Counts	TCGA-34-8455	02ba8600-9d3d-489d-9f0b-f1c59085ecd6	TCGA-34-8455-01A	Primary Tumor		TCGA-34-8455-01A-11R-2326-07
b43ead60-cb91-489a-88f1-169086a28ed9	f192623a-b1f4-4238-b720-a5c62bab30ab.rna_seq.augmented_star_gene_counts.tsv	83178343416fcf610787ab29cf0d2af0	4253344	TSV	STAR - Counts	TCGA-22-4593	8fbe1f9e-f2a6-4550-aabf-b06607b821f0	TCGA-22-4593-11A	Solid Tissue Normal		TCGA-22-4593-11A-01R-1820-07
f31f1008-cde3-4ca6-8864-8b1e7efbb856	2cb035a7-cdfd-4833-afcf-28b3a116634e.rna_seq.augmented_star_gene_counts.tsv	c45b44c0cebb6d5872b2df6eee669e62	4238058	TSV	STAR - Counts	TCGA-39-5021	e7020168-1afe-4361-800a-8979aafca12a	TCGA-39-5021-01A	Primary Tumor		TCGA-39-5021-01A-01R-1443-07
98aaf3db-54ac-4bb9-bd0b-1ba897f7b389	d6659090-582f-4784-9356-97fe58fe9798.rna_seq.augmented_star_gene_counts.tsv	cca85039e67b490237fcdda37e1fe60d	4252382	TSV	STAR - Counts	TCGA-22-5489	df6a7005-92ed-4701-bd59-7b5f09715f9d	TCGA-22-5489-11A	Solid Tissue Normal		TCGA-22-5489-11A-01R-1635-07
c56f402d-27b5-4d06-9086-b46272d9fe36	c0676fc2-639f-4e35-8ebe-64fff6c9e38f.rna_seq.augmented_star_gene_counts.tsv	4b88481be4cdbef0aa06d813e2a50cb8	4230446	TSV	STAR - Counts	TCGA-58-A46K	d8d53df1-42d6-4d8b-ac4c-6f3993ac247d	TCGA-58-A46K-01A	Primary Tumor		TCGA-58-A46K-01A-11R-A24H-07
771fb64d-317e-4eeb-8945-b3446848294a	cb7f1dab-ee8b-4f22-b704-0e868b3a14b5.rna_seq.augmented_star_gene_counts.tsv	875e696dc2405c39034ce29a29bd28d1	4245925	TSV	STAR - Counts	TCGA-22-0940	7ddd36fd-9e6a-4a46-a799-82998786cb36	TCGA-22-0940-01A	Primary Tumor		TCGA-22-0940-01A-01R-0692-07
5be877e7-15a7-48e6-b05a-cb1dfa39aa25	f74ee32a-ef90-471a-a440-4bd444e8113e.rna_seq.augmented_star_gene_counts.tsv	75a43cd8d9858269bd1de24b70c44c37	4256050	TSV	STAR - Counts	TCGA-98-A53H	e6cf4b99-d0f9-432a-8977-3704fd38103c	TCGA-98-A53H-01A	Primary Tumor		TCGA-98-A53H-01A-12R-A262-07
c2a485c5-f871-4337-acdd-63b365a9c8a1	24ccefdf-3ec9-4a4f-94c7-8fc273347686.rna_seq.augmented_star_gene_counts.tsv	639c61db1c3a4a1839e1a888ac96ee02	4238137	TSV	STAR - Counts	TCGA-77-8148	8b55baf0-2d34-4cae-896d-641b1dd40785	TCGA-77-8148-01A	Primary Tumor		TCGA-77-8148-01A-11R-2247-07
8f2bec2c-7a61-4749-bfb1-3c5dba953c8a	82fb3155-6bf4-4f39-99f4-dfee3a1a5078.rna_seq.augmented_star_gene_counts.tsv	1c2e9c5e99d2b20ce50d89562a91a262	4246804	TSV	STAR - Counts	TCGA-79-5596	3f1b4356-0b53-48cd-8938-96fc786c9b63	TCGA-79-5596-01A	Primary Tumor		TCGA-79-5596-01A-31R-1949-07
ddf190fa-393b-46f9-8793-c6eb4f08313b	ce29461e-97c1-47cc-bef8-65f2637927e8.rna_seq.augmented_star_gene_counts.tsv	fc48df974435ebe9d4c7bbec86aac0f5	4243294	TSV	STAR - Counts	TCGA-NC-A5HI	ce7dcb92-13aa-4496-82d2-873b53647bfd	TCGA-NC-A5HI-01A	Primary Tumor		TCGA-NC-A5HI-01A-11R-A26W-07
d3304c77-bc34-420b-8400-db4a2195bc71	fcc330dd-5ebe-4b5e-9bb7-00e8fe19232c.rna_seq.augmented_star_gene_counts.tsv	10f1f4f1c45e9deed99adea1323b8dde	4247840	TSV	STAR - Counts	TCGA-66-2791	a8e79b70-76c4-4d4f-8e1d-37daebf2a921	TCGA-66-2791-01A	Primary Tumor		TCGA-66-2791-01A-01R-0980-07
915f5f6d-b66b-4ffd-a095-a6bb60387d2f	7ddcc958-f869-42c0-8924-4aa883076eb0.rna_seq.augmented_star_gene_counts.tsv	3bec570446b1c7532d49d5b9da4fb781	4237719	TSV	STAR - Counts	TCGA-56-8082	0e91d7b5-ce35-4671-ab9f-cfd5369b557c	TCGA-56-8082-11A	Solid Tissue Normal		TCGA-56-8082-11A-01R-2247-07
8c031ef8-4038-453e-a5e6-db3198657233	06cbd6ea-06b8-408f-96b3-aeff8b977b1e.rna_seq.augmented_star_gene_counts.tsv	dcbbdd818dad7e393bcba1e744baff3c	4243879	TSV	STAR - Counts	TCGA-33-4538	c70a5975-c37b-47cc-9113-427a754807d8	TCGA-33-4538-01A	Primary Tumor		TCGA-33-4538-01A-01R-1201-07
20bce22d-ac03-4799-83d4-02d68f3b11a8	4a7243d8-65d3-4bc1-be10-db26c4eedcfe.rna_seq.augmented_star_gene_counts.tsv	14f43ef9f3bcb69e57126f543d83102d	4242334	TSV	STAR - Counts	TCGA-L3-A524	ff7099e1-8ff9-48e4-842d-46e98076e7e6	TCGA-L3-A524-01A	Primary Tumor		TCGA-L3-A524-01A-11R-A262-07
6ed3a19f-af35-42c0-8961-3e228abc6b7f	e74f770a-80b5-425e-b26a-bbfa29913773.rna_seq.augmented_star_gene_counts.tsv	8cb891ad4237cbd6868e0eca97621f89	4240567	TSV	STAR - Counts	TCGA-60-2696	bff77f70-973a-4b49-8fd9-4a767f5df2c0	TCGA-60-2696-01A	Primary Tumor		TCGA-60-2696-01A-01R-0851-07
6d233871-9022-4a62-b7b2-00f43f645421	7c8ad944-10d4-42d6-a715-ff998730da92.rna_seq.augmented_star_gene_counts.tsv	dffd37a1382993caf278f3c31688ba6f	4253072	TSV	STAR - Counts	TCGA-51-6867	3b195845-0050-49cb-b639-1fe85a131ebe	TCGA-51-6867-01A	Primary Tumor		TCGA-51-6867-01A-11R-2045-07
c7806e11-290c-49e1-90ef-75941b441fce	c1d52374-fc57-4ffe-85df-8352ed9c736e.rna_seq.augmented_star_gene_counts.tsv	9c865c86c72320d9ed222f8f2bdbfcb3	4248600	TSV	STAR - Counts	TCGA-34-7107	bef26f5e-a17e-49b7-8eb4-2bc079983764	TCGA-34-7107-01A	Primary Tumor		TCGA-34-7107-01A-11R-1949-07
f7a10e9e-496d-4664-b62d-c2d5e6ea662c	b5b314be-b56c-4fd2-8a99-033afd55c6da.rna_seq.augmented_star_gene_counts.tsv	51be9979cf3dd2d543661f51b11d6016	4223610	TSV	STAR - Counts	TCGA-NK-A7XE	0366c911-3267-41a0-af4b-5e74577ae16a	TCGA-NK-A7XE-01A	Primary Tumor		TCGA-NK-A7XE-01A-12R-A405-07
1f149435-3964-491d-b192-ac277408384a	bef06091-4b41-44e3-867f-5234f9cc5c49.rna_seq.augmented_star_gene_counts.tsv	14419bd7e774ed5136b8048b97b27ebc	4243751	TSV	STAR - Counts	TCGA-66-2769	69e43922-e028-4090-8724-1fb2f018c7f2	TCGA-66-2769-01A	Primary Tumor		TCGA-66-2769-01A-02R-0851-07
cded92df-9367-4ee5-930c-6c87bf2c8eb0	a07f82d9-44a6-41ac-97bb-52a14ba37f34.rna_seq.augmented_star_gene_counts.tsv	7108659a61a5e0cf1aa7abb4dbcdb409	4240234	TSV	STAR - Counts	TCGA-18-5592	2c89b366-c394-4067-bbb0-f24f5920ecaa	TCGA-18-5592-01A	Primary Tumor		TCGA-18-5592-01A-01R-1635-07
e440451a-d436-4933-885b-3951e0767b42	53d0ee2e-7214-4180-8688-95009289cfdf.rna_seq.augmented_star_gene_counts.tsv	4af143f3e4c4a4618dbcdb11702c52df	4235479	TSV	STAR - Counts	TCGA-21-1079	a0b3fab8-7817-429b-aa34-7ef03e813313	TCGA-21-1079-01A	Primary Tumor		TCGA-21-1079-01A-01R-0692-07
8af8a3a5-8f98-4e93-abf5-bb401716bbed	aea2f863-1b45-404f-9a46-afb85ff47f02.rna_seq.augmented_star_gene_counts.tsv	a76344479c2e1e4294c53949e761fb39	4248603	TSV	STAR - Counts	TCGA-60-2726	3d1f4059-2220-45b4-a4d2-b14f76cec96a	TCGA-60-2726-01A	Primary Tumor		TCGA-60-2726-01A-01R-0851-07
6170ecbe-9ede-4afe-b020-655a903d96aa	6c2ccdf1-5dff-4e6e-8c2c-62a64cefcb6e.rna_seq.augmented_star_gene_counts.tsv	30dc188d4fef04b57ff5baa11842bd50	4252801	TSV	STAR - Counts	TCGA-22-4595	aa53c701-4b65-4c26-a6f0-02a4498717a8	TCGA-22-4595-01A	Primary Tumor		TCGA-22-4595-01A-01R-1201-07
80f4c1e6-573a-4ac9-bdec-96c0a0da49f0	58cab238-8bc8-468f-bc7a-7a10178ac751.rna_seq.augmented_star_gene_counts.tsv	ddef57fda693f9a359ec371d131474b8	4234620	TSV	STAR - Counts	TCGA-MF-A522	9f247eef-9c0a-4e7a-a2e8-2a84225ba307	TCGA-MF-A522-01A	Primary Tumor		TCGA-MF-A522-01A-11R-A262-07
bfd852d9-9d72-4a3b-8ef3-e1435ef376fb	f6de9301-73ce-4d49-89e2-8a8f7a681ca9.rna_seq.augmented_star_gene_counts.tsv	aadd3d20a0f4c863b1661eb7e35212ae	4250007	TSV	STAR - Counts	TCGA-56-7580	cf9d5813-da70-4d7f-8185-d29d1b86b578	TCGA-56-7580-11A	Solid Tissue Normal		TCGA-56-7580-11A-01R-2045-07
383470fe-2f7b-4ee7-aa59-f8238df585f7	eaa2f4ac-783a-472f-a3f9-b385ff854c1c.rna_seq.augmented_star_gene_counts.tsv	e3fcc2ac4fee5b6dbefe855fe9b0248e	4221768	TSV	STAR - Counts	TCGA-58-8387	7b599ce3-6aed-4333-8ba5-2b1bf7ec7aab	TCGA-58-8387-01A	Primary Tumor		TCGA-58-8387-01A-11R-2296-07
0fe3bf01-415a-4945-8606-74b92ae9da44	d58fe5dc-9a75-42e7-94af-2ab20a21dab1.rna_seq.augmented_star_gene_counts.tsv	c629fa266a5bf5567c531884c8339292	4235061	TSV	STAR - Counts	TCGA-77-A5FZ	775808ab-4b30-4473-a9ee-4ed2c18cfc2b	TCGA-77-A5FZ-01A	Primary Tumor		TCGA-77-A5FZ-01A-31R-A27Q-07
d30a480e-39a4-42e6-922b-c5cda6826687	b0cd445b-e669-4047-8ed5-79824be3938b.rna_seq.augmented_star_gene_counts.tsv	145fd9959941697ac442e92e4bc4358e	4256678	TSV	STAR - Counts	TCGA-66-2770	f1b357e4-d67a-42c9-b0b7-12f69fa3da58	TCGA-66-2770-01A	Primary Tumor		TCGA-66-2770-01A-01R-0851-07
cee46229-294d-49e3-95d7-c7def87bc65a	051ed454-6126-4236-a23c-38f75e419dc2.rna_seq.augmented_star_gene_counts.tsv	619ea93c84e4660dbeb3c6d4e4d7c8c7	4240335	TSV	STAR - Counts	TCGA-21-1071	d87e30a3-1b5a-41cf-bafe-27914a01c8d9	TCGA-21-1071-01A	Primary Tumor		TCGA-21-1071-01A-01R-A96U-41
d9431251-cfae-44c2-a428-d80b96d58742	daf34c5d-1225-443c-aa31-de994f692c30.rna_seq.augmented_star_gene_counts.tsv	83b29bf5525f6eae08fee974b0e95e00	4256207	TSV	STAR - Counts	TCGA-56-7582	b5e2cbda-bbfa-4ef8-a9c4-cb978bef9b23	TCGA-56-7582-11A	Solid Tissue Normal		TCGA-56-7582-11A-01R-2045-07
6fb6e0b6-d575-470b-aa14-7e49c26a36c8	7d4baef8-a10b-49c5-b476-9755cf51a1f2.rna_seq.augmented_star_gene_counts.tsv	c390adaa7f03580a587f29a035c0604a	4245477	TSV	STAR - Counts	TCGA-56-A4ZJ	c9439a80-abf5-4ede-b552-7784bb14213a	TCGA-56-A4ZJ-01A	Primary Tumor		TCGA-56-A4ZJ-01A-11R-A262-07
bd1636e9-49de-459a-acc6-4cb0c4a80c45	5bc83672-ab34-40f9-928c-00412b245b5b.rna_seq.augmented_star_gene_counts.tsv	856d07d22b51bcd875a4f9b764a3a674	4265328	TSV	STAR - Counts	TCGA-34-5239	4631400b-1c96-4074-b779-7cbc77a49d99	TCGA-34-5239-01A	Primary Tumor		TCGA-34-5239-01A-21R-1820-07
efae208a-2ce7-4cc4-9071-9192fcd6c668	099ea203-5488-41bd-a07d-c4b707faa375.rna_seq.augmented_star_gene_counts.tsv	bd48970fa511e369a98ca974845217c5	4246733	TSV	STAR - Counts	TCGA-66-2755	df7cfd84-a36a-44a0-b39f-a9ea1e0fd500	TCGA-66-2755-01A	Primary Tumor		TCGA-66-2755-01A-01R-0851-07
354b3238-51a1-4b08-95a8-50fde7e51b13	03ef99c7-55b7-4770-9eac-2ee007aa78ca.rna_seq.augmented_star_gene_counts.tsv	dec193932192736642dfae803f023ac7	4267935	TSV	STAR - Counts	TCGA-34-5231	f8733921-44bc-4c62-8b2d-33a9b82ef665	TCGA-34-5231-01A	Primary Tumor		TCGA-34-5231-01A-21R-1820-07
1a80f876-7306-4068-998a-3f32849173ca	64499b79-1354-4277-9142-40f388fa6e92.rna_seq.augmented_star_gene_counts.tsv	887d2aadd51bd7b60c61b8ff01814f66	4247630	TSV	STAR - Counts	TCGA-90-7767	9dff11cd-0784-4a60-9c77-43f8957d3dfa	TCGA-90-7767-01A	Primary Tumor		TCGA-90-7767-01A-11R-2125-07
ef229777-5389-4bc3-a2cd-f885d7b5f3b8	a3c7ca2a-4bd8-44d3-954e-d2ab818802fa.rna_seq.augmented_star_gene_counts.tsv	dc1e566f9844a4b27e99efbf39d2371a	4260170	TSV	STAR - Counts	TCGA-90-7767	9dff11cd-0784-4a60-9c77-43f8957d3dfa	TCGA-90-7767-11A	Solid Tissue Normal		TCGA-90-7767-11A-01R-2125-07
77a13fe7-8524-41b6-b1b0-8f06d80f5cc4	2443dc79-7ec3-4066-b49e-6b1da38572a8.rna_seq.augmented_star_gene_counts.tsv	b2f47fbbe772bf1589592ad672056cbd	4246051	TSV	STAR - Counts	TCGA-77-A5G3	b80ced5e-36b1-48d0-a8a9-0245aeb5f368	TCGA-77-A5G3-01A	Primary Tumor		TCGA-77-A5G3-01A-31R-A27Q-07
badfeadb-409d-46e6-8070-94790893ae4c	0f192f97-b674-4c9f-be3e-aa4bfdc4e91b.rna_seq.augmented_star_gene_counts.tsv	26bcf000e9f68c6f50de5c84afa19876	4226621	TSV	STAR - Counts	TCGA-18-3408	d4bc755a-2585-4529-ae36-7e1d88bdecfe	TCGA-18-3408-01A	Primary Tumor		TCGA-18-3408-01A-01R-0980-07
454cc158-5444-4201-9672-ef1d1f0516ed	ee2afa06-246e-4e43-9a2f-22cd500ea8f7.rna_seq.augmented_star_gene_counts.tsv	44db0764621b78fb96dd8248d426b4c9	4248444	TSV	STAR - Counts	TCGA-NC-A5HK	87410c09-5b61-4f61-85a5-93c288aeca03	TCGA-NC-A5HK-01A	Primary Tumor		TCGA-NC-A5HK-01A-11R-A26W-07
3cbe42eb-653f-4d85-aa94-e803a1f3516b	af4e18e3-b98c-468f-b0d1-643fe3cd3760.rna_seq.augmented_star_gene_counts.tsv	9a48fb2f8da29736e8e3566047bb8db6	4239430	TSV	STAR - Counts	TCGA-92-8065	fb2fc561-3870-439c-90e2-13ef9e47c013	TCGA-92-8065-01A	Primary Tumor		TCGA-92-8065-01A-11R-2247-07
3be772ed-21fa-4d87-9e58-fc9f9b7b9323	8fa46159-7340-44ad-894f-f611ecead93d.rna_seq.augmented_star_gene_counts.tsv	fd34161fc6f3825df3cb4ca5e2671c26	4236950	TSV	STAR - Counts	TCGA-37-4133	34193c52-837c-4cf8-850a-00ae55be28ec	TCGA-37-4133-01A	Primary Tumor		TCGA-37-4133-01A-01R-1100-07
6359ce06-e708-45bb-9305-6780635d17be	ba5b3004-a265-40f9-a488-e67cfa4dd7ed.rna_seq.augmented_star_gene_counts.tsv	b48a63a499c0c9935184a8f3ad455f54	4238777	TSV	STAR - Counts	TCGA-34-8454	059212b3-9e71-4d00-863f-3639c4e30ed1	TCGA-34-8454-11A	Solid Tissue Normal		TCGA-34-8454-11A-01R-2326-07
e4f1f5e7-b13d-4968-a6cc-b877f107e470	edf31bdf-694c-413e-97a8-3f4e6baea5cb.rna_seq.augmented_star_gene_counts.tsv	829dc1140f4483ca0355dc4d11703d1a	4248934	TSV	STAR - Counts	TCGA-LA-A7SW	0425cb44-66af-4e25-afcb-cacccc2f1179	TCGA-LA-A7SW-01A	Primary Tumor		TCGA-LA-A7SW-01A-11R-A405-07
46c07a84-2b4b-4a9b-80ef-86deb142530f	9d7781b3-b418-4932-96ac-7ddcba4ecb16.rna_seq.augmented_star_gene_counts.tsv	edd47bd4b8ee264756688b2f89fbbd30	4252012	TSV	STAR - Counts	TCGA-21-1082	0e2ee54a-51c9-4868-842d-a2a1c1cfb016	TCGA-21-1082-01A	Primary Tumor		TCGA-21-1082-01A-01R-A96U-41
9ab3bfe1-463e-40b8-9380-da7cc3bf6d16	61419601-eb40-48c4-b221-f244a321287b.rna_seq.augmented_star_gene_counts.tsv	491b60cdd0226de8a20de9db2a59074a	4255788	TSV	STAR - Counts	TCGA-85-7699	06f36fce-f20f-4e37-8222-81a642c7bba0	TCGA-85-7699-01A	Primary Tumor		TCGA-85-7699-01A-11R-2125-07
81e567b8-f914-4714-917d-df7d79d1b406	29066057-9b77-4c6a-832d-6a9fbc7e26dd.rna_seq.augmented_star_gene_counts.tsv	de5be8d2b82c01dbce3f68a0dcce4b67	4272059	TSV	STAR - Counts	TCGA-58-A46L	1ba4e70c-692c-487a-abc5-36e5f0a03286	TCGA-58-A46L-01A	Primary Tumor		TCGA-58-A46L-01A-11R-A24H-07
4fc4b4e0-6a01-4e8f-89f8-f68203f0105d	4f22c37d-3ee4-4237-8b39-d7a9a91f2e2d.rna_seq.augmented_star_gene_counts.tsv	593f4ca8d702b7906c170c2c31529614	4237763	TSV	STAR - Counts	TCGA-85-8352	159b96ab-2eb9-4604-be8c-e38f6aae103f	TCGA-85-8352-01A	Primary Tumor		TCGA-85-8352-01A-31R-2326-07
a81de654-64d9-4273-9bf1-d59cea7c4121	71e06ef6-152b-4801-bfed-4213c458a465.rna_seq.augmented_star_gene_counts.tsv	3c048a5eaaf0abed98c1ebde21cd8c92	4256563	TSV	STAR - Counts	TCGA-22-4604	0c80ab20-7e33-4f1d-b136-07782b68e98b	TCGA-22-4604-01A	Primary Tumor		TCGA-22-4604-01A-01R-1201-07
c02fdb09-ef01-4162-90dc-e42c0880bc34	4bd18000-5bd4-467c-8517-c6b0122c027f.rna_seq.augmented_star_gene_counts.tsv	a66aab2a1063dbec7ec67eb59bb70463	4252110	TSV	STAR - Counts	TCGA-85-7844	10d8e6ad-f7ef-4acf-a9c2-25834bea71c9	TCGA-85-7844-01A	Primary Tumor		TCGA-85-7844-01A-11R-2125-07
a271ba96-1fd1-4152-ad5b-0b0fa67d0574	11c017a7-92d7-4c1f-a90a-3f7eb3cc9571.rna_seq.augmented_star_gene_counts.tsv	84bed23d7e40dd52f5e61546396e03cc	4230779	TSV	STAR - Counts	TCGA-85-A513	7f8130d2-f169-451b-a263-547adc2fcb2c	TCGA-85-A513-01A	Primary Tumor		TCGA-85-A513-01A-12R-A26W-07
b6275344-52a5-4a39-afea-c01b9099c15f	60ccd966-aa62-448d-85c4-ba048e938194.rna_seq.augmented_star_gene_counts.tsv	a7eda938b9928f930aa904fbcbbd9b6e	4246209	TSV	STAR - Counts	TCGA-85-A511	d40b3520-708d-430b-a302-d4dc6970adbf	TCGA-85-A511-01A	Primary Tumor		TCGA-85-A511-01A-21R-A262-07
08d31f4a-d87e-4413-8446-8ba45c97d63e	7d39dccd-38b6-42fd-b8c8-ac45b78fdaac.rna_seq.augmented_star_gene_counts.tsv	5d350471d3b0bc62b778000ec16ba601	4249850	TSV	STAR - Counts	TCGA-46-6025	6020ec67-8f3b-409f-a0ed-2af849b4d76f	TCGA-46-6025-01A	Primary Tumor		TCGA-46-6025-01A-11R-1820-07
035e88ea-e471-434a-8b93-ea7cc5776a89	6791cf32-7f47-439e-8d6a-527a5a55bae9.rna_seq.augmented_star_gene_counts.tsv	fd0d1afa97fb90e0cc4f87e3772d5eb2	4241055	TSV	STAR - Counts	TCGA-43-8115	0e084325-ba97-4c0a-9d00-12d01b4bc0bb	TCGA-43-8115-01A	Primary Tumor		TCGA-43-8115-01A-11R-2247-07
7d639694-3492-4502-ba23-69655f31f7e6	0d3d4e7f-e9d6-4113-b21e-8811f8f53d55.rna_seq.augmented_star_gene_counts.tsv	e184f0a0ea124db1fa1edee45bdcbbd5	4239861	TSV	STAR - Counts	TCGA-22-5481	b80ea411-c8ca-4414-ad1b-82af11df11c2	TCGA-22-5481-01A	Primary Tumor		TCGA-22-5481-01A-31R-1949-07
cc8fe981-25f1-4b07-a931-7ad2a352d2d8	6101185d-cdcc-45a9-9e83-22a6cf70b54e.rna_seq.augmented_star_gene_counts.tsv	65a5c68137c3f057dcaedcbf8bd5be93	4250841	TSV	STAR - Counts	TCGA-22-5481	b80ea411-c8ca-4414-ad1b-82af11df11c2	TCGA-22-5481-11A	Solid Tissue Normal		TCGA-22-5481-11A-01R-1949-07
a8c8cbc5-e771-4ba5-b53f-00b53cd032fd	6798d95c-91be-43f9-88a1-41978d4a41c5.rna_seq.augmented_star_gene_counts.tsv	0bcbdb256088f2f2aaa2b31068918996	4242291	TSV	STAR - Counts	TCGA-66-2780	7ccce724-d401-487d-b444-6edbbd032303	TCGA-66-2780-01A	Primary Tumor		TCGA-66-2780-01A-01R-0851-07
da204644-aaaf-48ed-9c8c-3f1ea0a36b3a	ed6ff225-d76a-4941-8fdf-020caac6b00d.rna_seq.augmented_star_gene_counts.tsv	f4dc1164656c02573a6b9ac9448d8943	4256288	TSV	STAR - Counts	TCGA-22-5492	422a46b2-a67c-4a7e-923f-9b651ced96f8	TCGA-22-5492-01A	Primary Tumor		TCGA-22-5492-01A-01R-1635-07
a3a53248-6292-412e-be21-28d6f8dc9a74	1c4d1ab3-9e95-4a14-849b-b0a2ba2b32cf.rna_seq.augmented_star_gene_counts.tsv	af43ba8d5d93a343924115f916bb5499	4226177	TSV	STAR - Counts	TCGA-77-8139	1fdbeb6a-8c73-46db-9d21-c56a834064f6	TCGA-77-8139-01A	Primary Tumor		TCGA-77-8139-01A-11R-2247-07
d2b8708b-87ff-4ac9-878e-9072ba1d31dd	b6cbc920-9212-4a58-b109-8a57e394ef58.rna_seq.augmented_star_gene_counts.tsv	ce89fad331aca47e4f267a683812db3c	4235745	TSV	STAR - Counts	TCGA-77-7140	107f6b9a-2883-4499-a40a-ec25bc834a06	TCGA-77-7140-01A	Primary Tumor		TCGA-77-7140-01A-41R-2045-07
469dfcd7-f60f-4f1a-a4da-ed7190f23263	a65fd16f-029c-4e02-ae4f-a3aa67944b95.rna_seq.augmented_star_gene_counts.tsv	8be77bc2a69b56894e19de3e2ae349c7	4240447	TSV	STAR - Counts	TCGA-56-1622	3edf933a-be1a-46e8-bfb0-acdff30e64a0	TCGA-56-1622-01A	Primary Tumor		TCGA-56-1622-01A-01R-0692-07
7d832824-0767-4801-b8bb-4ac0a231511f	88b5b2e0-8964-430c-b8cc-a073bc16810e.rna_seq.augmented_star_gene_counts.tsv	5fdc790967598a4425e70e1baa5dcc57	4247216	TSV	STAR - Counts	TCGA-66-2756	43abe847-4ba7-466e-8283-5d7b80b999a7	TCGA-66-2756-01A	Primary Tumor		TCGA-66-2756-01A-01R-0851-07
ef5d5338-8447-46d7-b573-4c812f540b32	259db864-6729-43ac-afc3-e7e47f308bd7.rna_seq.augmented_star_gene_counts.tsv	9b468f9dca30f9ae71a3daca9b1e214c	4269301	TSV	STAR - Counts	TCGA-34-5929	ea34663c-f40e-4a3e-9ac0-65d5e9eef12b	TCGA-34-5929-01A	Primary Tumor		TCGA-34-5929-01A-11R-1820-07
269e001e-1217-4e3f-a650-bccc10fdcb68	c8d8c5d3-757a-4637-81aa-2f405f6346f2.rna_seq.augmented_star_gene_counts.tsv	6b98ac327b8e3e7c27fe4a555475d2f6	4247381	TSV	STAR - Counts	TCGA-21-1081	2afa2fd8-e4d9-4e7b-b387-7e2451764d5d	TCGA-21-1081-01A	Primary Tumor		TCGA-21-1081-01A-01R-A96U-41
470afda8-c4a4-4161-b6e7-1f0d2372d2c7	7d2957c7-2c69-499d-9a75-aa54f04cb530.rna_seq.augmented_star_gene_counts.tsv	e9b7c91e96f59332c75b2dd6f040b739	4225071	TSV	STAR - Counts	TCGA-85-8481	2d2a3e24-8e1c-4409-a803-fe8d475f9248	TCGA-85-8481-01A	Primary Tumor		TCGA-85-8481-01A-11R-2326-07
108d78db-9d31-4dbf-86f7-5e50134b91a6	dbdf55c4-832a-4eec-ac78-d6b83dcc0645.rna_seq.augmented_star_gene_counts.tsv	2940b21dcaa8aed3054647aa29d39189	4229503	TSV	STAR - Counts	TCGA-98-A53J	400c8d1e-c12b-4d3b-a8ea-85e6be1cec4f	TCGA-98-A53J-01A	Primary Tumor		TCGA-98-A53J-01A-11R-A26W-07
a2ccff5d-4458-40a1-8522-153d12161b2e	8ba62a76-1dd5-4779-be0b-97949035b130.rna_seq.augmented_star_gene_counts.tsv	03d0d7fd177a2e0b9dfd7da760b728e4	4241847	TSV	STAR - Counts	TCGA-6A-AB49	7639fddb-86b5-45a1-bac3-ff6a575e0cf5	TCGA-6A-AB49-01A	Primary Tumor		TCGA-6A-AB49-01A-12R-A405-07
9a48159b-edd0-40ee-ad8c-d216c75c8514	0a4a7c26-a258-4874-ab27-86dcdd0d91ee.rna_seq.augmented_star_gene_counts.tsv	9de7c6578082537552ce6adcb530a7e6	4245725	TSV	STAR - Counts	TCGA-O2-A52V	6a2ce004-8a2d-419f-9738-e352d298a315	TCGA-O2-A52V-01A	Primary Tumor		TCGA-O2-A52V-01A-31R-A262-07
4fa865be-49fe-48f8-9e87-e09168572af4	2830f392-1aeb-4556-9171-8eada8761cc8.rna_seq.augmented_star_gene_counts.tsv	3ce25c891dbcb22f7ff47f0a145ad547	4235570	TSV	STAR - Counts	TCGA-34-7107	bef26f5e-a17e-49b7-8eb4-2bc079983764	TCGA-34-7107-11A	Solid Tissue Normal		TCGA-34-7107-11A-01R-1949-07
49a41cb0-13b7-4a1d-ba2b-9e978e6c3a86	08552b37-2d39-4696-a9b0-71795a276b7b.rna_seq.augmented_star_gene_counts.tsv	78abbd2e20757a3d0a38bd069d49b098	4251679	TSV	STAR - Counts	TCGA-96-7544	185923c0-e642-41c4-a22e-0dae102b0a40	TCGA-96-7544-01A	Primary Tumor		TCGA-96-7544-01A-11R-2045-07
19523b40-a72b-47d3-acad-9720a26128ed	8c2b89a9-e994-46d9-b215-30882f4f1950.rna_seq.augmented_star_gene_counts.tsv	273c60e8e8cd3e9ffd6940bb766eb8d7	4243392	TSV	STAR - Counts	TCGA-LA-A446	12b44011-90c0-4a70-8ea4-a216ec0c0860	TCGA-LA-A446-01A	Primary Tumor		TCGA-LA-A446-01A-21R-A24Z-07
125a1d73-c62c-4776-85ae-bc50871f22bf	fd804c92-b610-4fe4-8df2-1a272fb34052.rna_seq.augmented_star_gene_counts.tsv	6ef66053549ad057cf998e2b63c53213	4249047	TSV	STAR - Counts	TCGA-21-1077	f516991c-5139-4b3e-b605-5a3d90688209	TCGA-21-1077-01A	Primary Tumor		TCGA-21-1077-01A-01R-0692-07
964fcdaf-b5d1-4fc2-8d3a-08013d6fe4d8	ea02dcce-82f9-42d6-82fa-0ebd940138a4.rna_seq.augmented_star_gene_counts.tsv	c7139d2e98e8cbdcbcaa6dd4e4bad8d4	4247211	TSV	STAR - Counts	TCGA-85-A53L	8a933b93-87b3-4f1f-8ef1-1d095cea032e	TCGA-85-A53L-01A	Primary Tumor		TCGA-85-A53L-01A-21R-A26W-07
e24c79d8-899c-48bd-8a20-0a848cdb9993	c1a63ccc-f2a3-48eb-b010-09727bf16e43.rna_seq.augmented_star_gene_counts.tsv	d01cd6ebabfe18936774b1067d812674	4231842	TSV	STAR - Counts	TCGA-37-4130	ac89e063-a288-4516-9d9e-92cc0ed2bc24	TCGA-37-4130-01A	Primary Tumor		TCGA-37-4130-01A-01R-1100-07
78ef6ada-3aa8-40fa-9bd6-c491dd31f96d	c7bce089-2c8a-4715-9e68-7935acea387d.rna_seq.augmented_star_gene_counts.tsv	252cea3a1d51f849f0a297d08aa779d5	4244231	TSV	STAR - Counts	TCGA-66-2759	e6b72c24-1607-43b9-8b8a-7bf83eea5895	TCGA-66-2759-01A	Primary Tumor		TCGA-66-2759-01A-01R-0851-07
87db73f9-c9db-4797-b02e-28373c9b5bbb	1bd807e3-4eea-4a60-9df3-ca0d26fe5080.rna_seq.augmented_star_gene_counts.tsv	b959ab014dff7abf4720fa58297df542	4208499	TSV	STAR - Counts	TCGA-77-8150	7cc8892e-4ba5-4cf5-be76-9e5cb4891d25	TCGA-77-8150-01A	Primary Tumor		TCGA-77-8150-01A-11R-2247-07
8a2ada69-c4b1-4aab-998b-dbc4ddd350d0	347df8e1-adc6-4a0f-a1b2-e620d259b487.rna_seq.augmented_star_gene_counts.tsv	5ccc23e925d8e507b8a3a1b891f80f86	4250745	TSV	STAR - Counts	TCGA-68-A59J	3374e5d9-b627-4d4c-b66b-422f9564695e	TCGA-68-A59J-01A	Primary Tumor		TCGA-68-A59J-01A-21R-A26W-07
f9c280f7-4975-4970-806d-2cf4b94ccf74	7733c278-8e2b-4d6f-9e28-82256ea05035.rna_seq.augmented_star_gene_counts.tsv	19285a7294a41a1a4ba469e0122aafbb	4266117	TSV	STAR - Counts	TCGA-43-6770	381edbe7-f391-4154-b16e-ac91d550582e	TCGA-43-6770-01A	Primary Tumor		TCGA-43-6770-01A-11R-1820-07
6896f254-0a80-40de-a674-02685d335151	b0a121e1-c084-43e0-89b6-0cf037d5aba1.rna_seq.augmented_star_gene_counts.tsv	48acb38c67af89dde51e4ce5aa613f3e	4259860	TSV	STAR - Counts	TCGA-22-5478	4daf4a91-bc36-40c8-8fca-ea61b6706775	TCGA-22-5478-01A	Primary Tumor		TCGA-22-5478-01A-01R-1635-07
5f656efa-0043-40d4-9276-37971aaf7774	166c4776-e8e3-408b-8320-e65ce57ccd8d.rna_seq.augmented_star_gene_counts.tsv	dffdb2d7a6b0f5589aada30e5185a234	4250017	TSV	STAR - Counts	TCGA-43-A475	ba7b9b84-c227-4ad0-9e71-88ee3309162c	TCGA-43-A475-01A	Primary Tumor		TCGA-43-A475-01A-11R-A24H-07
7ccc40b9-a636-407f-928b-1522061f5acf	132eb4a9-edb0-4bba-ba84-7a4d6f8311ab.rna_seq.augmented_star_gene_counts.tsv	cac2be64c8469aebe9be8dbcf5ebdace	4248599	TSV	STAR - Counts	TCGA-56-7579	1ccd29c1-cf30-4701-9b50-5d34cae2f4b3	TCGA-56-7579-11A	Solid Tissue Normal		TCGA-56-7579-11A-01R-2045-07
0827512b-4fd5-405e-ba15-fb69ee8fddba	843d3266-d3bf-4193-b2cc-1146dffd81a2.rna_seq.augmented_star_gene_counts.tsv	2893ea7903af69e2570e7f205a1f8564	4233293	TSV	STAR - Counts	TCGA-56-7579	1ccd29c1-cf30-4701-9b50-5d34cae2f4b3	TCGA-56-7579-01A	Primary Tumor		TCGA-56-7579-01A-11R-2045-07
918471a2-6d02-4e39-899e-f95077fb6593	4e07237d-2c58-412d-b8cf-8dcee0f52fdd.rna_seq.augmented_star_gene_counts.tsv	a33b031ce738262e07ef47e8d5cdb9f2	4264747	TSV	STAR - Counts	TCGA-63-A5MP	f18c47e1-516f-43f7-8d31-4e5012bd22f0	TCGA-63-A5MP-01A	Primary Tumor		TCGA-63-A5MP-01A-11R-A26W-07
d1b72b3b-df9d-49b5-a2f2-b59f283b8735	e10d1f94-3583-4f6a-bc39-0c96bd0f6d8c.rna_seq.augmented_star_gene_counts.tsv	bd32c5fb4de4ca02262d65e4e806fef3	4241317	TSV	STAR - Counts	TCGA-56-8082	0e91d7b5-ce35-4671-ab9f-cfd5369b557c	TCGA-56-8082-01A	Primary Tumor		TCGA-56-8082-01A-11R-2247-07
97a2d0b9-cb59-4ae9-83f0-36f81c1c9474	f2ccfb4a-85a4-44a7-855a-d91a80fee485.rna_seq.augmented_star_gene_counts.tsv	90e39adc0400c9c97be211ff1523fa10	4261059	TSV	STAR - Counts	TCGA-34-5928	7abb4883-60b7-4882-b946-1a4665889257	TCGA-34-5928-01A	Primary Tumor		TCGA-34-5928-01A-11R-1820-07
d6a0842c-cfda-4abe-9197-d1dba14ec313	81f9213e-6abf-4a0e-9dac-103c76294772.rna_seq.augmented_star_gene_counts.tsv	651e079dcd911a7f7b1bfa9e9be01cc6	4238213	TSV	STAR - Counts	TCGA-18-3409	b09e872a-e837-49ec-8a27-84dcdcabf347	TCGA-18-3409-01A	Primary Tumor		TCGA-18-3409-01A-01R-0980-07
e789877b-6eb5-434c-85b8-a62a99937b98	cd043a38-03e2-4278-8396-c5654e056664.rna_seq.augmented_star_gene_counts.tsv	9d538268a704b60ba1221daef40cfb25	4260398	TSV	STAR - Counts	TCGA-21-1081	2afa2fd8-e4d9-4e7b-b387-7e2451764d5d	TCGA-21-1081-01A	Primary Tumor		TCGA-21-1081-01A-01R-0692-07
7287d9fa-e48f-4de8-b7f0-a7af8c34fdf8	586ca62f-274c-4c9f-907f-6a8e87486aae.rna_seq.augmented_star_gene_counts.tsv	005910dd0de57764a4e43f458cee187a	4251400	TSV	STAR - Counts	TCGA-39-5027	dd7eda40-9aae-46b2-914e-788b76b43087	TCGA-39-5027-01A	Primary Tumor		TCGA-39-5027-01A-21R-1820-07
dedf9f52-7ded-4cc5-bba2-da89a48b5176	817c0e00-e7f9-44c1-97da-1d1a4bc97b0b.rna_seq.augmented_star_gene_counts.tsv	958f6aa228e42f12bcb555dbdbaa19ee	4242713	TSV	STAR - Counts	TCGA-46-3768	a402e786-132c-4095-bb75-22be04b5d835	TCGA-46-3768-01A	Primary Tumor		TCGA-46-3768-01A-01R-0980-07
41f4ae8d-e832-46e4-aa65-87ba050d39d3	2acc3468-bc59-4cc2-9ab0-95c8a57a9c78.rna_seq.augmented_star_gene_counts.tsv	5ea11f837b1cb1e00dc27644e5f123a6	4236019	TSV	STAR - Counts	TCGA-56-8308	399c936e-ba68-4040-98d4-917a87dad603	TCGA-56-8308-01A	Primary Tumor		TCGA-56-8308-01A-11R-2296-07
422c741f-5890-46fd-9135-c8534d40ff96	6b8b993a-fefc-4494-a58d-83876b33a534.rna_seq.augmented_star_gene_counts.tsv	5b87c18c1155b8a37199e55d606244a3	4255668	TSV	STAR - Counts	TCGA-56-6546	d566fa32-382b-499c-820a-c2bbb22501fb	TCGA-56-6546-01A	Primary Tumor		TCGA-56-6546-01A-11R-1820-07
159c6763-6fc8-4ed6-b21d-7458b1289978	24ee17a9-b2e4-4058-a7b9-32d815f51cac.rna_seq.augmented_star_gene_counts.tsv	e57d3a41da0dc3090386d5029f50a6d3	4256563	TSV	STAR - Counts	TCGA-22-5474	9101d953-1eb6-4808-aa44-a7b04e0ef412	TCGA-22-5474-01A	Primary Tumor		TCGA-22-5474-01A-01R-1635-07
f822b8ac-5682-4ae1-8250-9f204fa540ea	2a966908-135d-4362-9590-46febb03b357.rna_seq.augmented_star_gene_counts.tsv	d8cede02c6755c61ce2c8645600ffe01	4250737	TSV	STAR - Counts	TCGA-22-5478	4daf4a91-bc36-40c8-8fca-ea61b6706775	TCGA-22-5478-11A	Solid Tissue Normal		TCGA-22-5478-11A-11R-1635-07
67cef8d6-bb60-4f32-b55e-4b0e32bc4b0d	d9a25b27-6aa7-4f70-be70-0250ab016de4.rna_seq.augmented_star_gene_counts.tsv	f981256c380ef0f9b1ce5dab8cbbc845	4267575	TSV	STAR - Counts	TCGA-39-5019	14a4a93a-e24d-46f2-bee3-18bd792ef95a	TCGA-39-5019-01A	Primary Tumor		TCGA-39-5019-01A-01R-1820-07
02cea26c-3987-41a8-b040-d6a72fc7a220	1ca4850a-5354-47ac-8f9b-a7b774c96217.rna_seq.augmented_star_gene_counts.tsv	1471bfe690fbdb4f0a702801a4ed2416	4260661	TSV	STAR - Counts	TCGA-22-4593	8fbe1f9e-f2a6-4550-aabf-b06607b821f0	TCGA-22-4593-01A	Primary Tumor		TCGA-22-4593-01A-21R-1820-07
9e5f8edc-5074-43b7-a870-594aeb36e2aa	a97ec363-e9c5-4c36-bb43-432e597433c9.rna_seq.augmented_star_gene_counts.tsv	b8f4cd44dc4f00711e167dd32a2c2e09	4224910	TSV	STAR - Counts	TCGA-22-4601	5f99343b-e8ea-4b41-b36d-cd5c8fd918d0	TCGA-22-4601-01A	Primary Tumor		TCGA-22-4601-01A-01R-1443-07
425145f9-793b-4bc6-95cb-74352edee797	754a7a1e-3372-4c8a-b13b-b534cfe84968.rna_seq.augmented_star_gene_counts.tsv	bc7bce8272a8f93019cd1136bc46093c	4266360	TSV	STAR - Counts	TCGA-85-7696	b89eaf49-b80b-4730-b928-3fbc4385b64c	TCGA-85-7696-01A	Primary Tumor		TCGA-85-7696-01A-11R-2125-07
18f7582b-048d-4ba2-8035-0a033435b24d	cd708e1f-f522-4736-9350-3d0a5b0cd4fb.rna_seq.augmented_star_gene_counts.tsv	6cb5503f0d6425420ff05a7ea03d457d	4254160	TSV	STAR - Counts	TCGA-22-5489	df6a7005-92ed-4701-bd59-7b5f09715f9d	TCGA-22-5489-01A	Primary Tumor		TCGA-22-5489-01A-01R-1635-07
97df56d6-9763-4560-a585-9538af164cfe	bcedce65-8859-4161-8d62-7f701112248d.rna_seq.augmented_star_gene_counts.tsv	16242894b86ab734363d08d027f75f08	4248151	TSV	STAR - Counts	TCGA-22-4605	28346e70-c18b-4572-922f-c7b7fa8af40d	TCGA-22-4605-01A	Primary Tumor		TCGA-22-4605-01A-21R-2125-07
d29660d3-b3f7-4186-8c71-bebbabee600a	4a97b05e-92d4-49c2-92b7-e2959bc3baf2.rna_seq.augmented_star_gene_counts.tsv	dc55908980810f8b7ffbac298a47382c	4235079	TSV	STAR - Counts	TCGA-56-8309	fa019da0-068c-4d28-a8f6-28b8e79f3a5a	TCGA-56-8309-11A	Solid Tissue Normal		TCGA-56-8309-11A-01R-2296-07
b246f559-0026-4ca2-97af-2a783e6609c3	1da7fef0-2c51-4851-8e8a-b726a35c2d7a.rna_seq.augmented_star_gene_counts.tsv	0dde22baeae542a1fedef6db108b6621	4246025	TSV	STAR - Counts	TCGA-56-8309	fa019da0-068c-4d28-a8f6-28b8e79f3a5a	TCGA-56-8309-01A	Primary Tumor		TCGA-56-8309-01A-11R-2296-07
e1f2dc8e-a550-404a-b2b1-b559f24270e6	b5e0f437-1b12-4d83-a0a1-b658bf36c5c1.rna_seq.augmented_star_gene_counts.tsv	4886babdafbf6ee61aa34ec3f98292ac	4230883	TSV	STAR - Counts	TCGA-85-8072	e29f886a-1690-438b-b287-bfe9e9737b29	TCGA-85-8072-01A	Primary Tumor		TCGA-85-8072-01A-31R-2247-07
67a4e5b1-80d2-4258-974e-57c1dde303cb	eb249bdc-0ba7-4fcd-a1b2-75390102668a.rna_seq.augmented_star_gene_counts.tsv	b66ffbc37494ba8d85ab29282982ef45	4231634	TSV	STAR - Counts	TCGA-63-7022	a296ca7c-eb11-4d8a-92a0-d549b5c0951a	TCGA-63-7022-01A	Primary Tumor		TCGA-63-7022-01A-11R-1949-07
f37c7314-1a66-4c2e-85b1-84adea5d1667	070d7c13-063a-4691-9df0-df0b3000eaf6.rna_seq.augmented_star_gene_counts.tsv	18d41779262633e0c80b74066f6f0fe9	4248665	TSV	STAR - Counts	TCGA-63-A5MJ	63d2a48d-50ec-4e84-86e7-c4b74c49d08f	TCGA-63-A5MJ-01A	Primary Tumor		TCGA-63-A5MJ-01A-11R-A27Q-07
5403fcdd-3011-4ec4-ab0d-7fbe0b49a927	66a96600-ab91-4fc8-9aa8-943a76b106b4.rna_seq.augmented_star_gene_counts.tsv	e31cd9483c174bf32a4d74b63f8acb4a	4236051	TSV	STAR - Counts	TCGA-63-A5MI	1a02b991-39f7-4c52-9f6e-bf0f7c7bde8d	TCGA-63-A5MI-01A	Primary Tumor		TCGA-63-A5MI-01A-12R-A27Q-07
12898e2b-86d5-4c0e-8a53-dec1fd528f42	cb8d1dc4-bfc1-46ba-8e31-af63a0fd5eab.rna_seq.augmented_star_gene_counts.tsv	c6f4933978d266b4df730d353861aaa6	4242821	TSV	STAR - Counts	TCGA-90-A4ED	75ab9203-30fa-4f1a-b8f2-aa61e02111f5	TCGA-90-A4ED-01A	Primary Tumor		TCGA-90-A4ED-01A-31R-A24Z-07
a0ef6550-f1d1-40e1-8fae-0fdede3f189e	d43517e2-e447-42cc-93e1-cbc9669ef4f1.rna_seq.augmented_star_gene_counts.tsv	db656a47372e316d9b4057305cb4772e	4204770	TSV	STAR - Counts	TCGA-77-A5GB	07083473-8835-4bf9-9f52-b15bba59d932	TCGA-77-A5GB-01B	Primary Tumor		TCGA-77-A5GB-01B-11R-A27Q-07
